#
# Dumping data for table `resources_assign`
#

INSERT INTO `resources_assign` VALUES ('53a11d4a0ad72b60b43e3c0b0c0bcf94', '728f1578de643fb08b32b4b8afb2db77', '8ce42aef2c480eb37a48dfa05e045a97', '', 1089619200, 1089626400, 1089626400, 0, 0, 0, 0, 0, 0, 1084723385, 1084723385);
INSERT INTO `resources_assign` VALUES ('e461bbcc1b432b05918e6c13b944d1c8', 'b17c4ea6e053f2fffba8a5517fc277b3', '001579a6edb2f566da6ff24f58dc1852', '', 1089190800, 1089194400, 1089194400, 0, 0, 0, 0, 0, 0, 1084723385, 1084723385);
INSERT INTO `resources_assign` VALUES ('d2cf7b3101c2b58c49c59f8d0d3c240f', '51ad4b7100d3a8a1db61c7b099f052a6', '08baa8b86742b780ef35aa896b74aa88', '', 1081173659, 1081173659, 1081173659, 0, 0, 0, 0, 0, 0, 1084723361, 1084723361);
INSERT INTO `resources_assign` VALUES ('44302345a2d2096f810759c0d6ac1701', '728f1578de643fb08b32b4b8afb2db77', '968c816f9c045039658c424d5b631b33', '', 1089014400, 1089021600, 1089021600, 0, 0, 0, 0, 0, 0, 1084723385, 1084723385);
INSERT INTO `resources_assign` VALUES ('5eacbc91e5bde8da8772e395316368fe', 'b17c4ea6e053f2fffba8a5517fc277b3', '65a19db66d9df28a2852c177b402753b', '', 1088586000, 1088589600, 1088589600, 0, 0, 0, 0, 0, 0, 1084723385, 1084723385);
INSERT INTO `resources_assign` VALUES ('29ceeea10a5d53e2ea108d444016e155', '728f1578de643fb08b32b4b8afb2db77', '4d7e54a00376b9f7f0555411929e1669', '', 1088409600, 1088416800, 1088416800, 0, 0, 0, 0, 0, 0, 1084723385, 1084723385);
INSERT INTO `resources_assign` VALUES ('8ddf9442120847960e1cbee510cd8ce0', 'b17c4ea6e053f2fffba8a5517fc277b3', '5645b8a1161c24f576add46f9bc3e29b', '', 1087981200, 1087984800, 1087984800, 0, 0, 0, 0, 0, 0, 1084723385, 1084723385);
INSERT INTO `resources_assign` VALUES ('da6b77191e1a77035181f6cb117bb93d', '728f1578de643fb08b32b4b8afb2db77', 'a38c1b0876addbe32b32c02000c18760', '', 1087804800, 1087812000, 1087812000, 0, 0, 0, 0, 0, 0, 1084723385, 1084723385);
INSERT INTO `resources_assign` VALUES ('a2b4546e889a798dbab4785db568f9ee', 'b17c4ea6e053f2fffba8a5517fc277b3', 'e4a7ae88e5259aecf44abe0f50f33356', '', 1087376400, 1087380000, 1087380000, 0, 0, 0, 0, 0, 0, 1084723384, 1084723384);
INSERT INTO `resources_assign` VALUES ('a19b23e742ed294e110f14729bf972c5', '728f1578de643fb08b32b4b8afb2db77', '42c1fac59bcf048f9e0736d41f76cbfd', '', 1087200000, 1087207200, 1087207200, 0, 0, 0, 0, 0, 0, 1084723384, 1084723384);
INSERT INTO `resources_assign` VALUES ('01ee60f6b8237dfe2dc548d46385308a', 'b17c4ea6e053f2fffba8a5517fc277b3', '7be27773cb28cf96d0dac62ef3dcf02f', '', 1086771600, 1086775200, 1086775200, 0, 0, 0, 0, 0, 0, 1084723384, 1084723384);
INSERT INTO `resources_assign` VALUES ('3d0b2bb70e38e4d99912860cbb51d933', '728f1578de643fb08b32b4b8afb2db77', '1850529ad8409e6bbe76e9b237e8336e', '', 1086595200, 1086602400, 1086602400, 0, 0, 0, 0, 0, 0, 1084723384, 1084723384);
INSERT INTO `resources_assign` VALUES ('b50c3e057d31999eabf5278a2023a191', 'b17c4ea6e053f2fffba8a5517fc277b3', '7dbc70074dc47d42f2bcb5d336572df7', '', 1086166800, 1086170400, 1086170400, 0, 0, 0, 0, 0, 0, 1084723384, 1084723384);
INSERT INTO `resources_assign` VALUES ('d5c73dc11b12990d2a47a0b1e3debfa9', 'b17c4ea6e053f2fffba8a5517fc277b3', '124d1283cf148c3be8670c1ce50dadeb', '', 1085562000, 1085565600, 1085565600, 0, 0, 0, 0, 0, 0, 1084723384, 1084723384);
INSERT INTO `resources_assign` VALUES ('a10421b9eea08bfb062c3c8a1246af69', '728f1578de643fb08b32b4b8afb2db77', 'a16416f5e57442cf6bf4456c81fd95b2', '', 1085385600, 1085392800, 1085392800, 0, 0, 0, 0, 0, 0, 1084723384, 1084723384);
INSERT INTO `resources_assign` VALUES ('dbbd1bc0dd82ff5cd297d3563a80c9d3', 'b17c4ea6e053f2fffba8a5517fc277b3', '56e71e09825424cb2f1a720a0f5fc58e', '', 1084957200, 1084960800, 1084960800, 0, 0, 0, 0, 0, 0, 1084723384, 1084723384);
INSERT INTO `resources_assign` VALUES ('9b6771d0eb6877a042375bc45e7068e8', '728f1578de643fb08b32b4b8afb2db77', '1566febc6a5f0d20f7f9d8b28100b672', '', 1084780800, 1084788000, 1084788000, 0, 0, 0, 0, 0, 0, 1084723384, 1084723384);
INSERT INTO `resources_assign` VALUES ('b2975d6ef0ec15c21f829da50135e539', 'b17c4ea6e053f2fffba8a5517fc277b3', '069252169d8134b113f0861f9bcfb220', '', 1084352400, 1084356000, 1084356000, 0, 0, 0, 0, 0, 0, 1084723384, 1084723384);
INSERT INTO `resources_assign` VALUES ('5e2bb12a4f5fab077b9cc3d55c51965f', '728f1578de643fb08b32b4b8afb2db77', '0c8e5d6b586407668dc79396319e6252', '', 1084176000, 1084183200, 1084183200, 0, 0, 0, 0, 0, 0, 1084723384, 1084723384);
INSERT INTO `resources_assign` VALUES ('91c04fb959f80e8987725f45593ffa14', 'b17c4ea6e053f2fffba8a5517fc277b3', '88201e74cee038a024e1a47f68270a28', '', 1083747600, 1083751200, 1083751200, 0, 0, 0, 0, 0, 0, 1084723384, 1084723384);
INSERT INTO `resources_assign` VALUES ('3b8530fd9eeaeeb95dd1c953b87c2062', '728f1578de643fb08b32b4b8afb2db77', '5686564230a1afccf6eaffbc0d5cc53c', '', 1083571200, 1083578400, 1083578400, 0, 0, 0, 0, 0, 0, 1084723384, 1084723384);
INSERT INTO `resources_assign` VALUES ('2207f4ed4212d6d82908ae3765bc4e0c', 'b17c4ea6e053f2fffba8a5517fc277b3', '2c61b4c0fb0b996bd8e0be447567cf83', '', 1083142800, 1083146400, 1083146400, 0, 0, 0, 0, 0, 0, 1084723384, 1084723384);
INSERT INTO `resources_assign` VALUES ('15b0e53194115dfa434a85e81c8cbd50', '728f1578de643fb08b32b4b8afb2db77', 'f991bb073aa9d5c70e7f53c62b95781a', '', 1082966400, 1082973600, 1082973600, 0, 0, 0, 0, 0, 0, 1084723384, 1084723384);
INSERT INTO `resources_assign` VALUES ('674a55fffe8ed681777a80d1a31933b3', 'b17c4ea6e053f2fffba8a5517fc277b3', '3903df558848989b25cf495a45f0b2ec', '', 1082538000, 1082541600, 1082541600, 0, 0, 0, 0, 0, 0, 1084723384, 1084723384);
INSERT INTO `resources_assign` VALUES ('77fbd23cf34dd112e1d435ad78aec9d5', '728f1578de643fb08b32b4b8afb2db77', 'c439597f2142105681238f31492c8e42', '', 1082361600, 1082368800, 1082368800, 0, 0, 0, 0, 0, 0, 1084723383, 1084723383);
INSERT INTO `resources_assign` VALUES ('9ac4b0e08d811922472217cf9ea29a1a', 'b17c4ea6e053f2fffba8a5517fc277b3', '3785036f5b7bfd53fede7266c70b5108', '', 1081933200, 1081936800, 1081936800, 0, 0, 0, 0, 0, 0, 1084723383, 1084723383);
INSERT INTO `resources_assign` VALUES ('00bdab1537a7f2fb4d2f6d4265679b26', 'b17c4ea6e053f2fffba8a5517fc277b3', 'bc98b3dd0ac1be1a9c7ab918cd322806', '', 1089795600, 1089799200, 1089799200, 0, 0, 0, 0, 0, 0, 1084723385, 1084723385);

#
# Dumping data for table `resources_objects`
#

INSERT INTO `resources_objects` VALUES ('0ff09e4f5a729981e978d970f9d970cb', '0ff09e4f5a729981e978d970f9d970cb', '0', '', '76ed43ef286fb55cf9e41beadb484a9f', '', 0, 'Gebäude', '', 0, 0, 1084640001, 1084640009);
INSERT INTO `resources_objects` VALUES ('f37cbb74e9c9a8a0539bac1f3d6c1e96', 'f37cbb74e9c9a8a0539bac1f3d6c1e96', '0', '', '76ed43ef286fb55cf9e41beadb484a9f', '', 0, 'Geräte', 'Dieses Objekt kennzeichnet eine Hierachie und kann jederzeit in eine Ressource umgewandelt werden', 0, 0, 1084640011, 1084640036);
INSERT INTO `resources_objects` VALUES ('8a57860ca2be4cc3a77c06c1d346ea57', '0ff09e4f5a729981e978d970f9d970cb', '0ff09e4f5a729981e978d970f9d970cb', '3cbcc99c39476b8e2c8eef5381687461', '76ed43ef286fb55cf9e41beadb484a9f', '', 1, 'Hörsaalgebäude', 'Dieses Objekt wurde neu erstellt. Es wurden noch keine Eigenschaften zugewiesen.', 0, 1, 1084640042, 1084640452);
INSERT INTO `resources_objects` VALUES ('6350c6ae2ec6fd8bd852d505789d0666', '0ff09e4f5a729981e978d970f9d970cb', '0ff09e4f5a729981e978d970f9d970cb', '3cbcc99c39476b8e2c8eef5381687461', '76ed43ef286fb55cf9e41beadb484a9f', '', 1, 'Übungsgebäude', 'Dieses Objekt wurde neu erstellt. Es wurden noch keine Eigenschaften zugewiesen.', 0, 1, 1084640386, 1084640429);
INSERT INTO `resources_objects` VALUES ('728f1578de643fb08b32b4b8afb2db77', '0ff09e4f5a729981e978d970f9d970cb', '8a57860ca2be4cc3a77c06c1d346ea57', '85d62e2a8a87a2924db8fc4ed3fde09d', '76ed43ef286fb55cf9e41beadb484a9f', '', 2, 'Hörsaal 1', 'Dieses Objekt wurde neu erstellt. Es wurden noch keine Eigenschaften zugewiesen.', 0, 0, 1084640456, 1084640468);
INSERT INTO `resources_objects` VALUES ('b17c4ea6e053f2fffba8a5517fc277b3', '0ff09e4f5a729981e978d970f9d970cb', '8a57860ca2be4cc3a77c06c1d346ea57', '85d62e2a8a87a2924db8fc4ed3fde09d', '76ed43ef286fb55cf9e41beadb484a9f', '', 2, 'Hörsaal 2', 'Dieses Objekt wurde neu erstellt. Es wurden noch keine Eigenschaften zugewiesen.', 0, 0, 1084640520, 1084640528);
INSERT INTO `resources_objects` VALUES ('2f98bf64830043fd98a39fbbe2068678', '0ff09e4f5a729981e978d970f9d970cb', '8a57860ca2be4cc3a77c06c1d346ea57', '85d62e2a8a87a2924db8fc4ed3fde09d', '76ed43ef286fb55cf9e41beadb484a9f', '', 2, 'Hörsaal 3', 'Dieses Objekt wurde neu erstellt. Es wurden noch keine Eigenschaften zugewiesen.', 0, 0, 1084640542, 1084640555);
INSERT INTO `resources_objects` VALUES ('51ad4b7100d3a8a1db61c7b099f052a6', '0ff09e4f5a729981e978d970f9d970cb', '6350c6ae2ec6fd8bd852d505789d0666', '5a72dfe3f0c0295a8fe4e12c86d4c8f4', '76ed43ef286fb55cf9e41beadb484a9f', '', 2, 'Seminarraum 1', 'Dieses Objekt wurde neu erstellt. Es wurden noch keine Eigenschaften zugewiesen.', 0, 0, 1084640567, 1084640578);
INSERT INTO `resources_objects` VALUES ('a8c03520e8ad9dc90fb2d161ffca7d7b', '0ff09e4f5a729981e978d970f9d970cb', '6350c6ae2ec6fd8bd852d505789d0666', '5a72dfe3f0c0295a8fe4e12c86d4c8f4', '76ed43ef286fb55cf9e41beadb484a9f', '', 2, 'Seminarraum 2', 'Dieses Objekt wurde neu erstellt. Es wurden noch keine Eigenschaften zugewiesen.', 0, 0, 1084640590, 1084640599);
INSERT INTO `resources_objects` VALUES ('5ead77812be3b601e2f08ed5da4c5630', '0ff09e4f5a729981e978d970f9d970cb', '6350c6ae2ec6fd8bd852d505789d0666', '5a72dfe3f0c0295a8fe4e12c86d4c8f4', '76ed43ef286fb55cf9e41beadb484a9f', '', 2, 'Seminarraum 3', 'Dieses Objekt wurde neu erstellt. Es wurden noch keine Eigenschaften zugewiesen.', 0, 0, 1084640611, 1084723704);
INSERT INTO `resources_objects` VALUES ('52b435cbdd021bcc5cd78835de2b4f57', 'f37cbb74e9c9a8a0539bac1f3d6c1e96', 'f37cbb74e9c9a8a0539bac1f3d6c1e96', 'f3351baeca8776d4ffe4b672f568cbed', '76ed43ef286fb55cf9e41beadb484a9f', '', 1, 'Beamer', 'Dieses Objekt wurde neu erstellt. Es wurden noch keine Eigenschaften zugewiesen.', 0, 0, 1084640739, 1084640748);
INSERT INTO `resources_objects` VALUES ('ffacb5f74be406a524a380f1c135ee02', 'f37cbb74e9c9a8a0539bac1f3d6c1e96', 'f37cbb74e9c9a8a0539bac1f3d6c1e96', 'f3351baeca8776d4ffe4b672f568cbed', '76ed43ef286fb55cf9e41beadb484a9f', '', 1, 'Tageslichtprojektor', 'Dieses Objekt wurde neu erstellt. Es wurden noch keine Eigenschaften zugewiesen.', 0, 0, 1084640761, 1084640778);

#
# Dumping data for table `resources_objects_properties`
#

INSERT INTO `resources_objects_properties` VALUES ('6350c6ae2ec6fd8bd852d505789d0666', 'c4f13691419a6c12d38ad83daa926c7c', 'Liebigstr. 1');
INSERT INTO `resources_objects_properties` VALUES ('6350c6ae2ec6fd8bd852d505789d0666', 'b79b77f40706ed598f5403f953c1f791', 'on');
INSERT INTO `resources_objects_properties` VALUES ('8a57860ca2be4cc3a77c06c1d346ea57', 'c4f13691419a6c12d38ad83daa926c7c', 'Universitätsstr. 1');
INSERT INTO `resources_objects_properties` VALUES ('8a57860ca2be4cc3a77c06c1d346ea57', 'b79b77f40706ed598f5403f953c1f791', 'on');
INSERT INTO `resources_objects_properties` VALUES ('728f1578de643fb08b32b4b8afb2db77', '44fd30e8811d0d962582fa1a9c452bdd', '500');
INSERT INTO `resources_objects_properties` VALUES ('728f1578de643fb08b32b4b8afb2db77', '7c1a8f6001cfdcb9e9c33eeee0ef343d', 'on');
INSERT INTO `resources_objects_properties` VALUES ('728f1578de643fb08b32b4b8afb2db77', 'b79b77f40706ed598f5403f953c1f791', 'on');
INSERT INTO `resources_objects_properties` VALUES ('728f1578de643fb08b32b4b8afb2db77', '613cfdf6aa1072e21a1edfcfb0445c69', 'on');
INSERT INTO `resources_objects_properties` VALUES ('728f1578de643fb08b32b4b8afb2db77', 'afb8675e2257c03098aa34b2893ba686', 'on');
INSERT INTO `resources_objects_properties` VALUES ('728f1578de643fb08b32b4b8afb2db77', '1f8cef2b614382e36eaa4a29f6027edf', 'on');
INSERT INTO `resources_objects_properties` VALUES ('728f1578de643fb08b32b4b8afb2db77', '28addfe18e86cc3587205734c8bc2372', 'on');
INSERT INTO `resources_objects_properties` VALUES ('b17c4ea6e053f2fffba8a5517fc277b3', '44fd30e8811d0d962582fa1a9c452bdd', '150');
INSERT INTO `resources_objects_properties` VALUES ('b17c4ea6e053f2fffba8a5517fc277b3', '7c1a8f6001cfdcb9e9c33eeee0ef343d', 'on');
INSERT INTO `resources_objects_properties` VALUES ('b17c4ea6e053f2fffba8a5517fc277b3', 'b79b77f40706ed598f5403f953c1f791', 'on');
INSERT INTO `resources_objects_properties` VALUES ('b17c4ea6e053f2fffba8a5517fc277b3', '28addfe18e86cc3587205734c8bc2372', '');
INSERT INTO `resources_objects_properties` VALUES ('2f98bf64830043fd98a39fbbe2068678', '44fd30e8811d0d962582fa1a9c452bdd', '25');
INSERT INTO `resources_objects_properties` VALUES ('2f98bf64830043fd98a39fbbe2068678', 'b79b77f40706ed598f5403f953c1f791', 'on');
INSERT INTO `resources_objects_properties` VALUES ('2f98bf64830043fd98a39fbbe2068678', '613cfdf6aa1072e21a1edfcfb0445c69', 'on');
INSERT INTO `resources_objects_properties` VALUES ('2f98bf64830043fd98a39fbbe2068678', '28addfe18e86cc3587205734c8bc2372', 'on');
INSERT INTO `resources_objects_properties` VALUES ('51ad4b7100d3a8a1db61c7b099f052a6', '44fd30e8811d0d962582fa1a9c452bdd', '25');
INSERT INTO `resources_objects_properties` VALUES ('51ad4b7100d3a8a1db61c7b099f052a6', '613cfdf6aa1072e21a1edfcfb0445c69', 'on');
INSERT INTO `resources_objects_properties` VALUES ('51ad4b7100d3a8a1db61c7b099f052a6', 'afb8675e2257c03098aa34b2893ba686', 'on');
INSERT INTO `resources_objects_properties` VALUES ('51ad4b7100d3a8a1db61c7b099f052a6', '28addfe18e86cc3587205734c8bc2372', 'on');
INSERT INTO `resources_objects_properties` VALUES ('a8c03520e8ad9dc90fb2d161ffca7d7b', '44fd30e8811d0d962582fa1a9c452bdd', '30');
INSERT INTO `resources_objects_properties` VALUES ('a8c03520e8ad9dc90fb2d161ffca7d7b', '7c1a8f6001cfdcb9e9c33eeee0ef343d', 'on');
INSERT INTO `resources_objects_properties` VALUES ('a8c03520e8ad9dc90fb2d161ffca7d7b', 'b79b77f40706ed598f5403f953c1f791', 'on');
INSERT INTO `resources_objects_properties` VALUES ('a8c03520e8ad9dc90fb2d161ffca7d7b', '613cfdf6aa1072e21a1edfcfb0445c69', 'on');
INSERT INTO `resources_objects_properties` VALUES ('a8c03520e8ad9dc90fb2d161ffca7d7b', 'afb8675e2257c03098aa34b2893ba686', 'on');
INSERT INTO `resources_objects_properties` VALUES ('a8c03520e8ad9dc90fb2d161ffca7d7b', '28addfe18e86cc3587205734c8bc2372', 'on');
INSERT INTO `resources_objects_properties` VALUES ('5ead77812be3b601e2f08ed5da4c5630', '44fd30e8811d0d962582fa1a9c452bdd', '15');
INSERT INTO `resources_objects_properties` VALUES ('5ead77812be3b601e2f08ed5da4c5630', 'afb8675e2257c03098aa34b2893ba686', 'on');
INSERT INTO `resources_objects_properties` VALUES ('5ead77812be3b601e2f08ed5da4c5630', '1f8cef2b614382e36eaa4a29f6027edf', 'on');
INSERT INTO `resources_objects_properties` VALUES ('52b435cbdd021bcc5cd78835de2b4f57', 'c4352a580051a81830ef5980941c9e06', '123456789');
INSERT INTO `resources_objects_properties` VALUES ('52b435cbdd021bcc5cd78835de2b4f57', 'cb8140efbc2af5362b1159c65deeec9e', 'Sony');
INSERT INTO `resources_objects_properties` VALUES ('52b435cbdd021bcc5cd78835de2b4f57', '39c73942e1c1650fa20c7259be96b3f3', '123132dffd5');
INSERT INTO `resources_objects_properties` VALUES ('ffacb5f74be406a524a380f1c135ee02', 'c4352a580051a81830ef5980941c9e06', '225566');
INSERT INTO `resources_objects_properties` VALUES ('ffacb5f74be406a524a380f1c135ee02', 'cb8140efbc2af5362b1159c65deeec9e', 'Telefunken');
INSERT INTO `resources_objects_properties` VALUES ('ffacb5f74be406a524a380f1c135ee02', '39c73942e1c1650fa20c7259be96b3f3', 'wwqw');
INSERT INTO `resources_objects_properties` VALUES ('5ead77812be3b601e2f08ed5da4c5630', '28addfe18e86cc3587205734c8bc2372', '');

