--
-- Daten für Tabelle `resources_assign`
--

REPLACE INTO `resources_assign` (`assign_id`, `resource_id`, `assign_user_id`, `user_free_name`, `begin`, `end`, `repeat_end`, `repeat_quantity`, `repeat_interval`, `repeat_month_of_year`, `repeat_day_of_month`, `repeat_week_of_month`, `repeat_day_of_week`, `mkdate`, `chdate`, `comment_internal`) VALUES('1b143077169b19fbf21758698d3066b9', '728f1578de643fb08b32b4b8afb2db77', 'aef5fba2738068156e3564e2fae2145a', '', 1539586800, 1539594000, 1539594000, 0, 0, 0, 0, 0, 0, 1543861234, 1543861234, NULL);
REPLACE INTO `resources_assign` (`assign_id`, `resource_id`, `assign_user_id`, `user_free_name`, `begin`, `end`, `repeat_end`, `repeat_quantity`, `repeat_interval`, `repeat_month_of_year`, `repeat_day_of_month`, `repeat_week_of_month`, `repeat_day_of_week`, `mkdate`, `chdate`, `comment_internal`) VALUES('318f86ed840c105e99d7982dae01763b', '728f1578de643fb08b32b4b8afb2db77', 'ac1df161ed2b4b8a6ded446fd6c8756b', '', 1545033600, 1545040800, 1545040800, 0, 0, 0, 0, 0, 0, 1543861235, 1543861235, NULL);
REPLACE INTO `resources_assign` (`assign_id`, `resource_id`, `assign_user_id`, `user_free_name`, `begin`, `end`, `repeat_end`, `repeat_quantity`, `repeat_interval`, `repeat_month_of_year`, `repeat_day_of_month`, `repeat_week_of_month`, `repeat_day_of_week`, `mkdate`, `chdate`, `comment_internal`) VALUES('374fc67e13a2af4c98cd553fa9fe9746', '728f1578de643fb08b32b4b8afb2db77', '863eb3a32cdde463ec365284c0251bbd', '', 1540800000, 1540807200, 1540807200, 0, 0, 0, 0, 0, 0, 1543861234, 1543861234, NULL);
REPLACE INTO `resources_assign` (`assign_id`, `resource_id`, `assign_user_id`, `user_free_name`, `begin`, `end`, `repeat_end`, `repeat_quantity`, `repeat_interval`, `repeat_month_of_year`, `repeat_day_of_month`, `repeat_week_of_month`, `repeat_day_of_week`, `mkdate`, `chdate`, `comment_internal`) VALUES('39ba4efd1cd159dec4864366f87780ad', '728f1578de643fb08b32b4b8afb2db77', 'fcf505e0bc0fc3d3e7d81f4d07dbddb6', '', 1543824000, 1543831200, 1543831200, 0, 0, 0, 0, 0, 0, 1543861235, 1543861235, NULL);
REPLACE INTO `resources_assign` (`assign_id`, `resource_id`, `assign_user_id`, `user_free_name`, `begin`, `end`, `repeat_end`, `repeat_quantity`, `repeat_interval`, `repeat_month_of_year`, `repeat_day_of_month`, `repeat_week_of_month`, `repeat_day_of_week`, `mkdate`, `chdate`, `comment_internal`) VALUES('95e6764a94cbe3f081947bedf8b74d3a', '728f1578de643fb08b32b4b8afb2db77', 'fad48632ce362359de61ec9294437c1b', '', 1541404800, 1541412000, 1541412000, 0, 0, 0, 0, 0, 0, 1543861235, 1543861235, NULL);
REPLACE INTO `resources_assign` (`assign_id`, `resource_id`, `assign_user_id`, `user_free_name`, `begin`, `end`, `repeat_end`, `repeat_quantity`, `repeat_interval`, `repeat_month_of_year`, `repeat_day_of_month`, `repeat_week_of_month`, `repeat_day_of_week`, `mkdate`, `chdate`, `comment_internal`) VALUES('a691b59e903586597baa490118faa74e', '728f1578de643fb08b32b4b8afb2db77', '95ce1f483d110a090054d26fe45f922b', '', 1548057600, 1548064800, 1548064800, 0, 0, 0, 0, 0, 0, 1543861235, 1543861235, NULL);
REPLACE INTO `resources_assign` (`assign_id`, `resource_id`, `assign_user_id`, `user_free_name`, `begin`, `end`, `repeat_end`, `repeat_quantity`, `repeat_interval`, `repeat_month_of_year`, `repeat_day_of_month`, `repeat_week_of_month`, `repeat_day_of_week`, `mkdate`, `chdate`, `comment_internal`) VALUES('b2d28c62334c1fde53dd2685e4502a45', '728f1578de643fb08b32b4b8afb2db77', '39c9a4172e6fa3e37327b515cc1d60ef', '', 1542009600, 1542016800, 1542016800, 0, 0, 0, 0, 0, 0, 1543861235, 1543861235, NULL);
REPLACE INTO `resources_assign` (`assign_id`, `resource_id`, `assign_user_id`, `user_free_name`, `begin`, `end`, `repeat_end`, `repeat_quantity`, `repeat_interval`, `repeat_month_of_year`, `repeat_day_of_month`, `repeat_week_of_month`, `repeat_day_of_week`, `mkdate`, `chdate`, `comment_internal`) VALUES('b39adc3201a8302c7dd3c6ea19d64540', '728f1578de643fb08b32b4b8afb2db77', '7761e9d918bae0dedb19ea78c67d3a9f', '', 1543219200, 1543226400, 1543226400, 0, 0, 0, 0, 0, 0, 1543861235, 1543861235, NULL);
REPLACE INTO `resources_assign` (`assign_id`, `resource_id`, `assign_user_id`, `user_free_name`, `begin`, `end`, `repeat_end`, `repeat_quantity`, `repeat_interval`, `repeat_month_of_year`, `repeat_day_of_month`, `repeat_week_of_month`, `repeat_day_of_week`, `mkdate`, `chdate`, `comment_internal`) VALUES('be077b7e6178dd8a6c6916f67e5f534b', '728f1578de643fb08b32b4b8afb2db77', '9b8ce7890044eaa55c98d8d3eb770ef4', '', 1547452800, 1547460000, 1547460000, 0, 0, 0, 0, 0, 0, 1543861235, 1543861235, NULL);
REPLACE INTO `resources_assign` (`assign_id`, `resource_id`, `assign_user_id`, `user_free_name`, `begin`, `end`, `repeat_end`, `repeat_quantity`, `repeat_interval`, `repeat_month_of_year`, `repeat_day_of_month`, `repeat_week_of_month`, `repeat_day_of_week`, `mkdate`, `chdate`, `comment_internal`) VALUES('d27c2c6b0f2afd3c4400d7747d0bd399', '728f1578de643fb08b32b4b8afb2db77', '5f7e1f6d376840e67d7ec2adc7a8b2a6', '', 1548662400, 1548669600, 1548669600, 0, 0, 0, 0, 0, 0, 1543861235, 1543861235, NULL);
REPLACE INTO `resources_assign` (`assign_id`, `resource_id`, `assign_user_id`, `user_free_name`, `begin`, `end`, `repeat_end`, `repeat_quantity`, `repeat_interval`, `repeat_month_of_year`, `repeat_day_of_month`, `repeat_week_of_month`, `repeat_day_of_week`, `mkdate`, `chdate`, `comment_internal`) VALUES('e2bd36d1a9f9135f394e09ba959cb131', '728f1578de643fb08b32b4b8afb2db77', '99c50b9c4c9538882bd218afa42c8723', '', 1540191600, 1540198800, 1540198800, 0, 0, 0, 0, 0, 0, 1543861234, 1543861234, NULL);
REPLACE INTO `resources_assign` (`assign_id`, `resource_id`, `assign_user_id`, `user_free_name`, `begin`, `end`, `repeat_end`, `repeat_quantity`, `repeat_interval`, `repeat_month_of_year`, `repeat_day_of_month`, `repeat_week_of_month`, `repeat_day_of_week`, `mkdate`, `chdate`, `comment_internal`) VALUES('ed9c36bd4edc839d87c567d9beeef796', '728f1578de643fb08b32b4b8afb2db77', '2484d867f0bfbcf9f75b486f753e6925', '', 1546848000, 1546855200, 1546855200, 0, 0, 0, 0, 0, 0, 1543861235, 1543861235, NULL);
REPLACE INTO `resources_assign` (`assign_id`, `resource_id`, `assign_user_id`, `user_free_name`, `begin`, `end`, `repeat_end`, `repeat_quantity`, `repeat_interval`, `repeat_month_of_year`, `repeat_day_of_month`, `repeat_week_of_month`, `repeat_day_of_week`, `mkdate`, `chdate`, `comment_internal`) VALUES('f36dcfdc888e331d1222b16848bbe12a', '728f1578de643fb08b32b4b8afb2db77', '1e13e2586cf52b0f8e5ccdbaaa78e03c', '', 1544428800, 1544436000, 1544436000, 0, 0, 0, 0, 0, 0, 1543861235, 1543861235, NULL);
REPLACE INTO `resources_assign` (`assign_id`, `resource_id`, `assign_user_id`, `user_free_name`, `begin`, `end`, `repeat_end`, `repeat_quantity`, `repeat_interval`, `repeat_month_of_year`, `repeat_day_of_month`, `repeat_week_of_month`, `repeat_day_of_week`, `mkdate`, `chdate`, `comment_internal`) VALUES('f8bcf3b12983f0d6fb192ccde5557b3c', '728f1578de643fb08b32b4b8afb2db77', '2a7f8e3d1e31284608a0e340765e4cee', '', 1542614400, 1542621600, 1542621600, 0, 0, 0, 0, 0, 0, 1543861235, 1543861235, NULL);


--
-- Daten für Tabelle `resources_objects`
--

REPLACE INTO `resources_objects` (`resource_id`, `root_id`, `parent_id`, `category_id`, `owner_id`, `institut_id`, `level`, `name`, `description`, `lockable`, `multiple_assign`, `mkdate`, `chdate`) VALUES('0ff09e4f5a729981e978d970f9d970cb', '0ff09e4f5a729981e978d970f9d970cb', '0', '', '76ed43ef286fb55cf9e41beadb484a9f', '', 0, 'Gebäude', '', 0, 0, 1084640001, 1084640009);
REPLACE INTO `resources_objects` (`resource_id`, `root_id`, `parent_id`, `category_id`, `owner_id`, `institut_id`, `level`, `name`, `description`, `lockable`, `multiple_assign`, `mkdate`, `chdate`) VALUES('f37cbb74e9c9a8a0539bac1f3d6c1e96', 'f37cbb74e9c9a8a0539bac1f3d6c1e96', '0', '', '76ed43ef286fb55cf9e41beadb484a9f', '', 0, 'Geräte', 'Dieses Objekt kennzeichnet eine Hierachie und kann jederzeit in eine Ressource umgewandelt werden', 0, 0, 1084640011, 1084640036);
REPLACE INTO `resources_objects` (`resource_id`, `root_id`, `parent_id`, `category_id`, `owner_id`, `institut_id`, `level`, `name`, `description`, `lockable`, `multiple_assign`, `mkdate`, `chdate`) VALUES('8a57860ca2be4cc3a77c06c1d346ea57', '0ff09e4f5a729981e978d970f9d970cb', '0ff09e4f5a729981e978d970f9d970cb', '3cbcc99c39476b8e2c8eef5381687461', '76ed43ef286fb55cf9e41beadb484a9f', '', 1, 'Hörsaalgebäude', 'Dieses Objekt wurde neu erstellt. Es wurden noch keine Eigenschaften zugewiesen.', 0, 1, 1084640042, 1084640452);
REPLACE INTO `resources_objects` (`resource_id`, `root_id`, `parent_id`, `category_id`, `owner_id`, `institut_id`, `level`, `name`, `description`, `lockable`, `multiple_assign`, `mkdate`, `chdate`) VALUES('6350c6ae2ec6fd8bd852d505789d0666', '0ff09e4f5a729981e978d970f9d970cb', '0ff09e4f5a729981e978d970f9d970cb', '3cbcc99c39476b8e2c8eef5381687461', '76ed43ef286fb55cf9e41beadb484a9f', '', 1, 'Übungsgebäude', 'Dieses Objekt wurde neu erstellt. Es wurden noch keine Eigenschaften zugewiesen.', 0, 1, 1084640386, 1084640429);
REPLACE INTO `resources_objects` (`resource_id`, `root_id`, `parent_id`, `category_id`, `owner_id`, `institut_id`, `level`, `name`, `description`, `lockable`, `multiple_assign`, `mkdate`, `chdate`) VALUES('728f1578de643fb08b32b4b8afb2db77', '0ff09e4f5a729981e978d970f9d970cb', '8a57860ca2be4cc3a77c06c1d346ea57', '85d62e2a8a87a2924db8fc4ed3fde09d', '76ed43ef286fb55cf9e41beadb484a9f', '', 2, 'Hörsaal 1', 'Dieses Objekt wurde neu erstellt. Es wurden noch keine Eigenschaften zugewiesen.', 0, 0, 1084640456, 1084640468);
REPLACE INTO `resources_objects` (`resource_id`, `root_id`, `parent_id`, `category_id`, `owner_id`, `institut_id`, `level`, `name`, `description`, `lockable`, `multiple_assign`, `mkdate`, `chdate`) VALUES('b17c4ea6e053f2fffba8a5517fc277b3', '0ff09e4f5a729981e978d970f9d970cb', '8a57860ca2be4cc3a77c06c1d346ea57', '85d62e2a8a87a2924db8fc4ed3fde09d', '76ed43ef286fb55cf9e41beadb484a9f', '', 2, 'Hörsaal 2', 'Dieses Objekt wurde neu erstellt. Es wurden noch keine Eigenschaften zugewiesen.', 0, 0, 1084640520, 1084640528);
REPLACE INTO `resources_objects` (`resource_id`, `root_id`, `parent_id`, `category_id`, `owner_id`, `institut_id`, `level`, `name`, `description`, `lockable`, `multiple_assign`, `mkdate`, `chdate`) VALUES('2f98bf64830043fd98a39fbbe2068678', '0ff09e4f5a729981e978d970f9d970cb', '8a57860ca2be4cc3a77c06c1d346ea57', '85d62e2a8a87a2924db8fc4ed3fde09d', '76ed43ef286fb55cf9e41beadb484a9f', '', 2, 'Hörsaal 3', 'Dieses Objekt wurde neu erstellt. Es wurden noch keine Eigenschaften zugewiesen.', 0, 0, 1084640542, 1084640555);
REPLACE INTO `resources_objects` (`resource_id`, `root_id`, `parent_id`, `category_id`, `owner_id`, `institut_id`, `level`, `name`, `description`, `lockable`, `multiple_assign`, `mkdate`, `chdate`) VALUES('51ad4b7100d3a8a1db61c7b099f052a6', '0ff09e4f5a729981e978d970f9d970cb', '6350c6ae2ec6fd8bd852d505789d0666', '5a72dfe3f0c0295a8fe4e12c86d4c8f4', '76ed43ef286fb55cf9e41beadb484a9f', '', 2, 'Seminarraum 1', 'Dieses Objekt wurde neu erstellt. Es wurden noch keine Eigenschaften zugewiesen.', 0, 0, 1084640567, 1084640578);
REPLACE INTO `resources_objects` (`resource_id`, `root_id`, `parent_id`, `category_id`, `owner_id`, `institut_id`, `level`, `name`, `description`, `lockable`, `multiple_assign`, `mkdate`, `chdate`) VALUES('a8c03520e8ad9dc90fb2d161ffca7d7b', '0ff09e4f5a729981e978d970f9d970cb', '6350c6ae2ec6fd8bd852d505789d0666', '5a72dfe3f0c0295a8fe4e12c86d4c8f4', '76ed43ef286fb55cf9e41beadb484a9f', '', 2, 'Seminarraum 2', 'Dieses Objekt wurde neu erstellt. Es wurden noch keine Eigenschaften zugewiesen.', 0, 0, 1084640590, 1084640599);
REPLACE INTO `resources_objects` (`resource_id`, `root_id`, `parent_id`, `category_id`, `owner_id`, `institut_id`, `level`, `name`, `description`, `lockable`, `multiple_assign`, `mkdate`, `chdate`) VALUES('5ead77812be3b601e2f08ed5da4c5630', '0ff09e4f5a729981e978d970f9d970cb', '6350c6ae2ec6fd8bd852d505789d0666', '5a72dfe3f0c0295a8fe4e12c86d4c8f4', '76ed43ef286fb55cf9e41beadb484a9f', '', 2, 'Seminarraum 3', 'Dieses Objekt wurde neu erstellt. Es wurden noch keine Eigenschaften zugewiesen.', 0, 0, 1084640611, 1084723704);
REPLACE INTO `resources_objects` (`resource_id`, `root_id`, `parent_id`, `category_id`, `owner_id`, `institut_id`, `level`, `name`, `description`, `lockable`, `multiple_assign`, `mkdate`, `chdate`) VALUES('52b435cbdd021bcc5cd78835de2b4f57', 'f37cbb74e9c9a8a0539bac1f3d6c1e96', 'f37cbb74e9c9a8a0539bac1f3d6c1e96', 'f3351baeca8776d4ffe4b672f568cbed', '76ed43ef286fb55cf9e41beadb484a9f', '', 1, 'Beamer', 'Dieses Objekt wurde neu erstellt. Es wurden noch keine Eigenschaften zugewiesen.', 0, 0, 1084640739, 1084640748);
REPLACE INTO `resources_objects` (`resource_id`, `root_id`, `parent_id`, `category_id`, `owner_id`, `institut_id`, `level`, `name`, `description`, `lockable`, `multiple_assign`, `mkdate`, `chdate`) VALUES('ffacb5f74be406a524a380f1c135ee02', 'f37cbb74e9c9a8a0539bac1f3d6c1e96', 'f37cbb74e9c9a8a0539bac1f3d6c1e96', 'f3351baeca8776d4ffe4b672f568cbed', '76ed43ef286fb55cf9e41beadb484a9f', '', 1, 'Tageslichtprojektor', 'Dieses Objekt wurde neu erstellt. Es wurden noch keine Eigenschaften zugewiesen.', 0, 0, 1084640761, 1084640778);

--
-- Daten für Tabelle `resources_objects_properties`
--

REPLACE INTO `resources_objects_properties` (`resource_id`, `property_id`, `state`) VALUES('6350c6ae2ec6fd8bd852d505789d0666', 'c4f13691419a6c12d38ad83daa926c7c', 'Liebigstr. 1');
REPLACE INTO `resources_objects_properties` (`resource_id`, `property_id`, `state`) VALUES('6350c6ae2ec6fd8bd852d505789d0666', 'b79b77f40706ed598f5403f953c1f791', 'on');
REPLACE INTO `resources_objects_properties` (`resource_id`, `property_id`, `state`) VALUES('8a57860ca2be4cc3a77c06c1d346ea57', 'c4f13691419a6c12d38ad83daa926c7c', 'Universitätsstr. 1');
REPLACE INTO `resources_objects_properties` (`resource_id`, `property_id`, `state`) VALUES('8a57860ca2be4cc3a77c06c1d346ea57', 'b79b77f40706ed598f5403f953c1f791', 'on');
REPLACE INTO `resources_objects_properties` (`resource_id`, `property_id`, `state`) VALUES('728f1578de643fb08b32b4b8afb2db77', '44fd30e8811d0d962582fa1a9c452bdd', '500');
REPLACE INTO `resources_objects_properties` (`resource_id`, `property_id`, `state`) VALUES('728f1578de643fb08b32b4b8afb2db77', '7c1a8f6001cfdcb9e9c33eeee0ef343d', 'on');
REPLACE INTO `resources_objects_properties` (`resource_id`, `property_id`, `state`) VALUES('728f1578de643fb08b32b4b8afb2db77', 'b79b77f40706ed598f5403f953c1f791', 'on');
REPLACE INTO `resources_objects_properties` (`resource_id`, `property_id`, `state`) VALUES('728f1578de643fb08b32b4b8afb2db77', '613cfdf6aa1072e21a1edfcfb0445c69', 'on');
REPLACE INTO `resources_objects_properties` (`resource_id`, `property_id`, `state`) VALUES('728f1578de643fb08b32b4b8afb2db77', 'afb8675e2257c03098aa34b2893ba686', 'on');
REPLACE INTO `resources_objects_properties` (`resource_id`, `property_id`, `state`) VALUES('728f1578de643fb08b32b4b8afb2db77', '1f8cef2b614382e36eaa4a29f6027edf', 'on');
REPLACE INTO `resources_objects_properties` (`resource_id`, `property_id`, `state`) VALUES('728f1578de643fb08b32b4b8afb2db77', '28addfe18e86cc3587205734c8bc2372', 'on');
REPLACE INTO `resources_objects_properties` (`resource_id`, `property_id`, `state`) VALUES('b17c4ea6e053f2fffba8a5517fc277b3', '44fd30e8811d0d962582fa1a9c452bdd', '150');
REPLACE INTO `resources_objects_properties` (`resource_id`, `property_id`, `state`) VALUES('b17c4ea6e053f2fffba8a5517fc277b3', '7c1a8f6001cfdcb9e9c33eeee0ef343d', 'on');
REPLACE INTO `resources_objects_properties` (`resource_id`, `property_id`, `state`) VALUES('b17c4ea6e053f2fffba8a5517fc277b3', 'b79b77f40706ed598f5403f953c1f791', 'on');
REPLACE INTO `resources_objects_properties` (`resource_id`, `property_id`, `state`) VALUES('b17c4ea6e053f2fffba8a5517fc277b3', '28addfe18e86cc3587205734c8bc2372', '');
REPLACE INTO `resources_objects_properties` (`resource_id`, `property_id`, `state`) VALUES('2f98bf64830043fd98a39fbbe2068678', '44fd30e8811d0d962582fa1a9c452bdd', '25');
REPLACE INTO `resources_objects_properties` (`resource_id`, `property_id`, `state`) VALUES('2f98bf64830043fd98a39fbbe2068678', 'b79b77f40706ed598f5403f953c1f791', 'on');
REPLACE INTO `resources_objects_properties` (`resource_id`, `property_id`, `state`) VALUES('2f98bf64830043fd98a39fbbe2068678', '613cfdf6aa1072e21a1edfcfb0445c69', 'on');
REPLACE INTO `resources_objects_properties` (`resource_id`, `property_id`, `state`) VALUES('2f98bf64830043fd98a39fbbe2068678', '28addfe18e86cc3587205734c8bc2372', 'on');
REPLACE INTO `resources_objects_properties` (`resource_id`, `property_id`, `state`) VALUES('51ad4b7100d3a8a1db61c7b099f052a6', '44fd30e8811d0d962582fa1a9c452bdd', '25');
REPLACE INTO `resources_objects_properties` (`resource_id`, `property_id`, `state`) VALUES('51ad4b7100d3a8a1db61c7b099f052a6', '613cfdf6aa1072e21a1edfcfb0445c69', 'on');
REPLACE INTO `resources_objects_properties` (`resource_id`, `property_id`, `state`) VALUES('51ad4b7100d3a8a1db61c7b099f052a6', 'afb8675e2257c03098aa34b2893ba686', 'on');
REPLACE INTO `resources_objects_properties` (`resource_id`, `property_id`, `state`) VALUES('51ad4b7100d3a8a1db61c7b099f052a6', '28addfe18e86cc3587205734c8bc2372', 'on');
REPLACE INTO `resources_objects_properties` (`resource_id`, `property_id`, `state`) VALUES('a8c03520e8ad9dc90fb2d161ffca7d7b', '44fd30e8811d0d962582fa1a9c452bdd', '30');
REPLACE INTO `resources_objects_properties` (`resource_id`, `property_id`, `state`) VALUES('a8c03520e8ad9dc90fb2d161ffca7d7b', '7c1a8f6001cfdcb9e9c33eeee0ef343d', 'on');
REPLACE INTO `resources_objects_properties` (`resource_id`, `property_id`, `state`) VALUES('a8c03520e8ad9dc90fb2d161ffca7d7b', 'b79b77f40706ed598f5403f953c1f791', 'on');
REPLACE INTO `resources_objects_properties` (`resource_id`, `property_id`, `state`) VALUES('a8c03520e8ad9dc90fb2d161ffca7d7b', '613cfdf6aa1072e21a1edfcfb0445c69', 'on');
REPLACE INTO `resources_objects_properties` (`resource_id`, `property_id`, `state`) VALUES('a8c03520e8ad9dc90fb2d161ffca7d7b', 'afb8675e2257c03098aa34b2893ba686', 'on');
REPLACE INTO `resources_objects_properties` (`resource_id`, `property_id`, `state`) VALUES('a8c03520e8ad9dc90fb2d161ffca7d7b', '28addfe18e86cc3587205734c8bc2372', 'on');
REPLACE INTO `resources_objects_properties` (`resource_id`, `property_id`, `state`) VALUES('5ead77812be3b601e2f08ed5da4c5630', '44fd30e8811d0d962582fa1a9c452bdd', '15');
REPLACE INTO `resources_objects_properties` (`resource_id`, `property_id`, `state`) VALUES('5ead77812be3b601e2f08ed5da4c5630', 'afb8675e2257c03098aa34b2893ba686', 'on');
REPLACE INTO `resources_objects_properties` (`resource_id`, `property_id`, `state`) VALUES('5ead77812be3b601e2f08ed5da4c5630', '1f8cef2b614382e36eaa4a29f6027edf', 'on');
REPLACE INTO `resources_objects_properties` (`resource_id`, `property_id`, `state`) VALUES('52b435cbdd021bcc5cd78835de2b4f57', 'c4352a580051a81830ef5980941c9e06', '123456789');
REPLACE INTO `resources_objects_properties` (`resource_id`, `property_id`, `state`) VALUES('52b435cbdd021bcc5cd78835de2b4f57', 'cb8140efbc2af5362b1159c65deeec9e', 'Sony');
REPLACE INTO `resources_objects_properties` (`resource_id`, `property_id`, `state`) VALUES('52b435cbdd021bcc5cd78835de2b4f57', '39c73942e1c1650fa20c7259be96b3f3', '123132dffd5');
REPLACE INTO `resources_objects_properties` (`resource_id`, `property_id`, `state`) VALUES('ffacb5f74be406a524a380f1c135ee02', 'c4352a580051a81830ef5980941c9e06', '225566');
REPLACE INTO `resources_objects_properties` (`resource_id`, `property_id`, `state`) VALUES('ffacb5f74be406a524a380f1c135ee02', 'cb8140efbc2af5362b1159c65deeec9e', 'Telefunken');
REPLACE INTO `resources_objects_properties` (`resource_id`, `property_id`, `state`) VALUES('ffacb5f74be406a524a380f1c135ee02', '39c73942e1c1650fa20c7259be96b3f3', 'wwqw');
REPLACE INTO `resources_objects_properties` (`resource_id`, `property_id`, `state`) VALUES('5ead77812be3b601e2f08ed5da4c5630', '28addfe18e86cc3587205734c8bc2372', '');

--
-- Dumping data for table `resources_requests`
--

REPLACE INTO `resources_requests` (`request_id`, `seminar_id`, `termin_id`, `metadate_id`, `user_id`, `last_modified_by`, `resource_id`, `category_id`, `comment`, `reply_comment`, `reply_recipients`, `closed`, `mkdate`, `chdate`) VALUES('f639f9f617c9806c2bdf33b0a2f5d3f6', 'a07535cf2f8a72df33c12ddfa4b53dde', '9ff59e18112a686c553412761a5df85c', '', '76ed43ef286fb55cf9e41beadb484a9f', '76ed43ef286fb55cf9e41beadb484a9f', '51ad4b7100d3a8a1db61c7b099f052a6', '5a72dfe3f0c0295a8fe4e12c86d4c8f4', '', NULL, 'lecturer', 0, 1543861296, 1543861296);

--
-- Dumping data for table `resources_requests_properties`
--

REPLACE INTO `resources_requests_properties` (`request_id`, `property_id`, `state`, `mkdate`, `chdate`) VALUES('f639f9f617c9806c2bdf33b0a2f5d3f6', '44fd30e8811d0d962582fa1a9c452bdd', '10', 1510852746, 1510852746);


