-- 
-- Daten für Tabelle `resources_assign`
-- 

REPLACE INTO `resources_assign` (`assign_id`, `resource_id`, `assign_user_id`, `user_free_name`, `begin`, `end`, `repeat_end`, `repeat_quantity`, `repeat_interval`, `repeat_month_of_year`, `repeat_day_of_month`, `repeat_week_of_month`, `repeat_day_of_week`, `mkdate`, `chdate`) VALUES ('75ff623a1037f7f1f0a38cceab336862', '728f1578de643fb08b32b4b8afb2db77', '46100af568965e3b992b56b559e77ae0', '', 1223884800, 1223892000, 1223892000, 0, 0, 0, 0, 0, 0, 1219916249, 1219916249);
REPLACE INTO `resources_assign` (`assign_id`, `resource_id`, `assign_user_id`, `user_free_name`, `begin`, `end`, `repeat_end`, `repeat_quantity`, `repeat_interval`, `repeat_month_of_year`, `repeat_day_of_month`, `repeat_week_of_month`, `repeat_day_of_week`, `mkdate`, `chdate`) VALUES ('46b2050f20ca44d74bcf72d04420fdd3', '728f1578de643fb08b32b4b8afb2db77', '3da5e104b606d01407d288baa08eab34', '', 1224489600, 1224496800, 1224496800, 0, 0, 0, 0, 0, 0, 1219916249, 1219916249);
REPLACE INTO `resources_assign` (`assign_id`, `resource_id`, `assign_user_id`, `user_free_name`, `begin`, `end`, `repeat_end`, `repeat_quantity`, `repeat_interval`, `repeat_month_of_year`, `repeat_day_of_month`, `repeat_week_of_month`, `repeat_day_of_week`, `mkdate`, `chdate`) VALUES ('6af759ffb909a89bbce6119ffab9c6e3', '728f1578de643fb08b32b4b8afb2db77', 'f41cc18b2e979be676a359e9dc476b75', '', 1225098000, 1225105200, 1225105200, 0, 0, 0, 0, 0, 0, 1219916249, 1219916249);
REPLACE INTO `resources_assign` (`assign_id`, `resource_id`, `assign_user_id`, `user_free_name`, `begin`, `end`, `repeat_end`, `repeat_quantity`, `repeat_interval`, `repeat_month_of_year`, `repeat_day_of_month`, `repeat_week_of_month`, `repeat_day_of_week`, `mkdate`, `chdate`) VALUES ('0c1d0a35a0987798fe7f7e88db852804', '728f1578de643fb08b32b4b8afb2db77', 'fff57af5ebb05b2084779f92c8549892', '', 1225702800, 1225710000, 1225710000, 0, 0, 0, 0, 0, 0, 1219916249, 1219916249);
REPLACE INTO `resources_assign` (`assign_id`, `resource_id`, `assign_user_id`, `user_free_name`, `begin`, `end`, `repeat_end`, `repeat_quantity`, `repeat_interval`, `repeat_month_of_year`, `repeat_day_of_month`, `repeat_week_of_month`, `repeat_day_of_week`, `mkdate`, `chdate`) VALUES ('755ed8a86f9cada50ba4e77128eb6cad', '728f1578de643fb08b32b4b8afb2db77', 'a5540cace3041fde54e0e447d239f451', '', 1226307600, 1226314800, 1226314800, 0, 0, 0, 0, 0, 0, 1219916249, 1219916249);
REPLACE INTO `resources_assign` (`assign_id`, `resource_id`, `assign_user_id`, `user_free_name`, `begin`, `end`, `repeat_end`, `repeat_quantity`, `repeat_interval`, `repeat_month_of_year`, `repeat_day_of_month`, `repeat_week_of_month`, `repeat_day_of_week`, `mkdate`, `chdate`) VALUES ('4fab2a8329cd37108054cd3b69917ac7', '728f1578de643fb08b32b4b8afb2db77', 'c97a3af61c5eb58c8a8770634b85f006', '', 1226912400, 1226919600, 1226919600, 0, 0, 0, 0, 0, 0, 1219916249, 1219916249);
REPLACE INTO `resources_assign` (`assign_id`, `resource_id`, `assign_user_id`, `user_free_name`, `begin`, `end`, `repeat_end`, `repeat_quantity`, `repeat_interval`, `repeat_month_of_year`, `repeat_day_of_month`, `repeat_week_of_month`, `repeat_day_of_week`, `mkdate`, `chdate`) VALUES ('6de0705cf8a3ec7f44afb07592788d4d', '728f1578de643fb08b32b4b8afb2db77', '098f70440c3e195d3eba2a49d10c0fff', '', 1227517200, 1227524400, 1227524400, 0, 0, 0, 0, 0, 0, 1219916250, 1219916250);
REPLACE INTO `resources_assign` (`assign_id`, `resource_id`, `assign_user_id`, `user_free_name`, `begin`, `end`, `repeat_end`, `repeat_quantity`, `repeat_interval`, `repeat_month_of_year`, `repeat_day_of_month`, `repeat_week_of_month`, `repeat_day_of_week`, `mkdate`, `chdate`) VALUES ('07719cec59acabfe280a868e3faa3c93', '728f1578de643fb08b32b4b8afb2db77', 'cfe453790e713beb28204d43d6f90b8a', '', 1228122000, 1228129200, 1228129200, 0, 0, 0, 0, 0, 0, 1219916250, 1219916250);
REPLACE INTO `resources_assign` (`assign_id`, `resource_id`, `assign_user_id`, `user_free_name`, `begin`, `end`, `repeat_end`, `repeat_quantity`, `repeat_interval`, `repeat_month_of_year`, `repeat_day_of_month`, `repeat_week_of_month`, `repeat_day_of_week`, `mkdate`, `chdate`) VALUES ('9239c618eecfe2b99ba0b5ed4ced7df3', '728f1578de643fb08b32b4b8afb2db77', 'd86dc7d16cf4049605ec4ed25feca504', '', 1228726800, 1228734000, 1228734000, 0, 0, 0, 0, 0, 0, 1219916250, 1219916250);
REPLACE INTO `resources_assign` (`assign_id`, `resource_id`, `assign_user_id`, `user_free_name`, `begin`, `end`, `repeat_end`, `repeat_quantity`, `repeat_interval`, `repeat_month_of_year`, `repeat_day_of_month`, `repeat_week_of_month`, `repeat_day_of_week`, `mkdate`, `chdate`) VALUES ('ee956896642b458b69acfb40e83dbe8e', '728f1578de643fb08b32b4b8afb2db77', 'f6c4dea652aa88703ad728fd55945dc7', '', 1229331600, 1229338800, 1229338800, 0, 0, 0, 0, 0, 0, 1219916250, 1219916250);
REPLACE INTO `resources_assign` (`assign_id`, `resource_id`, `assign_user_id`, `user_free_name`, `begin`, `end`, `repeat_end`, `repeat_quantity`, `repeat_interval`, `repeat_month_of_year`, `repeat_day_of_month`, `repeat_week_of_month`, `repeat_day_of_week`, `mkdate`, `chdate`) VALUES ('7498914eea81718f6f434af74da6d527', '728f1578de643fb08b32b4b8afb2db77', '60fefecfd977576c57472b7b78c72281', '', 1231750800, 1231758000, 1231758000, 0, 0, 0, 0, 0, 0, 1219916250, 1219916250);
REPLACE INTO `resources_assign` (`assign_id`, `resource_id`, `assign_user_id`, `user_free_name`, `begin`, `end`, `repeat_end`, `repeat_quantity`, `repeat_interval`, `repeat_month_of_year`, `repeat_day_of_month`, `repeat_week_of_month`, `repeat_day_of_week`, `mkdate`, `chdate`) VALUES ('8604d9aef07e0d7d349606fa7bf282f0', '728f1578de643fb08b32b4b8afb2db77', '6fcd59124ee89817954d7c91077651ec', '', 1232355600, 1232362800, 1232362800, 0, 0, 0, 0, 0, 0, 1219916250, 1219916250);
REPLACE INTO `resources_assign` (`assign_id`, `resource_id`, `assign_user_id`, `user_free_name`, `begin`, `end`, `repeat_end`, `repeat_quantity`, `repeat_interval`, `repeat_month_of_year`, `repeat_day_of_month`, `repeat_week_of_month`, `repeat_day_of_week`, `mkdate`, `chdate`) VALUES ('55f085398b1fcb613fab45048390c71f', '728f1578de643fb08b32b4b8afb2db77', '8d24ca7addf8918e264d7784b8cd6ee1', '', 1232960400, 1232967600, 1232967600, 0, 0, 0, 0, 0, 0, 1219916250, 1219916250);
REPLACE INTO `resources_assign` (`assign_id`, `resource_id`, `assign_user_id`, `user_free_name`, `begin`, `end`, `repeat_end`, `repeat_quantity`, `repeat_interval`, `repeat_month_of_year`, `repeat_day_of_month`, `repeat_week_of_month`, `repeat_day_of_week`, `mkdate`, `chdate`) VALUES ('86e14ed6be3438ac55f4a3312e821714', '51ad4b7100d3a8a1db61c7b099f052a6', 'bd66d67b4b50c5b3c3f518dca60d93ac', '', 1224054000, 1224061200, 1224061200, 0, 0, 0, 0, 0, 0, 1219916263, 1219916263);
REPLACE INTO `resources_assign` (`assign_id`, `resource_id`, `assign_user_id`, `user_free_name`, `begin`, `end`, `repeat_end`, `repeat_quantity`, `repeat_interval`, `repeat_month_of_year`, `repeat_day_of_month`, `repeat_week_of_month`, `repeat_day_of_week`, `mkdate`, `chdate`) VALUES ('a79ae685639f2f58d1da03f16359864c', '51ad4b7100d3a8a1db61c7b099f052a6', '74e9adbb9f6346302336d4e7efbf6eb5', '', 1224658800, 1224666000, 1224666000, 0, 0, 0, 0, 0, 0, 1219916263, 1219916263);
REPLACE INTO `resources_assign` (`assign_id`, `resource_id`, `assign_user_id`, `user_free_name`, `begin`, `end`, `repeat_end`, `repeat_quantity`, `repeat_interval`, `repeat_month_of_year`, `repeat_day_of_month`, `repeat_week_of_month`, `repeat_day_of_week`, `mkdate`, `chdate`) VALUES ('8f1d2e73e6636be67a310550cdcc73b3', '51ad4b7100d3a8a1db61c7b099f052a6', '57c9aa734c099d77abf8dc6a0d4c4216', '', 1225267200, 1225274400, 1225274400, 0, 0, 0, 0, 0, 0, 1219916263, 1219916263);
REPLACE INTO `resources_assign` (`assign_id`, `resource_id`, `assign_user_id`, `user_free_name`, `begin`, `end`, `repeat_end`, `repeat_quantity`, `repeat_interval`, `repeat_month_of_year`, `repeat_day_of_month`, `repeat_week_of_month`, `repeat_day_of_week`, `mkdate`, `chdate`) VALUES ('536fc5a43ec88ec63d69fb6cefcc5b23', '51ad4b7100d3a8a1db61c7b099f052a6', 'eadf32407ffbec242fee91a57d9f37c1', '', 1225872000, 1225879200, 1225879200, 0, 0, 0, 0, 0, 0, 1219916263, 1219916263);
REPLACE INTO `resources_assign` (`assign_id`, `resource_id`, `assign_user_id`, `user_free_name`, `begin`, `end`, `repeat_end`, `repeat_quantity`, `repeat_interval`, `repeat_month_of_year`, `repeat_day_of_month`, `repeat_week_of_month`, `repeat_day_of_week`, `mkdate`, `chdate`) VALUES ('105f4df7992168549352d296c88c8ea9', '51ad4b7100d3a8a1db61c7b099f052a6', 'f9866b89220db0837c22a2fc8636174c', '', 1226476800, 1226484000, 1226484000, 0, 0, 0, 0, 0, 0, 1219916263, 1219916263);
REPLACE INTO `resources_assign` (`assign_id`, `resource_id`, `assign_user_id`, `user_free_name`, `begin`, `end`, `repeat_end`, `repeat_quantity`, `repeat_interval`, `repeat_month_of_year`, `repeat_day_of_month`, `repeat_week_of_month`, `repeat_day_of_week`, `mkdate`, `chdate`) VALUES ('11baaae7ccc19b75bd40ad16b6b150f8', '51ad4b7100d3a8a1db61c7b099f052a6', 'a01722455169fa04a19d2548d3dfe15f', '', 1227081600, 1227088800, 1227088800, 0, 0, 0, 0, 0, 0, 1219916263, 1219916263);
REPLACE INTO `resources_assign` (`assign_id`, `resource_id`, `assign_user_id`, `user_free_name`, `begin`, `end`, `repeat_end`, `repeat_quantity`, `repeat_interval`, `repeat_month_of_year`, `repeat_day_of_month`, `repeat_week_of_month`, `repeat_day_of_week`, `mkdate`, `chdate`) VALUES ('f4e8c7105549a1a134d71ec57c70a73b', '51ad4b7100d3a8a1db61c7b099f052a6', '78586877cf7826adcb53fcef982a293e', '', 1227686400, 1227693600, 1227693600, 0, 0, 0, 0, 0, 0, 1219916263, 1219916263);
REPLACE INTO `resources_assign` (`assign_id`, `resource_id`, `assign_user_id`, `user_free_name`, `begin`, `end`, `repeat_end`, `repeat_quantity`, `repeat_interval`, `repeat_month_of_year`, `repeat_day_of_month`, `repeat_week_of_month`, `repeat_day_of_week`, `mkdate`, `chdate`) VALUES ('32c7563f7f50bfbefa4dc25fb42057ec', '51ad4b7100d3a8a1db61c7b099f052a6', '7617848ce7cd308fb0861acc97098b38', '', 1228291200, 1228298400, 1228298400, 0, 0, 0, 0, 0, 0, 1219916263, 1219916263);
REPLACE INTO `resources_assign` (`assign_id`, `resource_id`, `assign_user_id`, `user_free_name`, `begin`, `end`, `repeat_end`, `repeat_quantity`, `repeat_interval`, `repeat_month_of_year`, `repeat_day_of_month`, `repeat_week_of_month`, `repeat_day_of_week`, `mkdate`, `chdate`) VALUES ('35ee91efbcc1bfe5ce065fec6771588c', '51ad4b7100d3a8a1db61c7b099f052a6', '3b17dfbbae90db043e80c9f6ffa384b4', '', 1228896000, 1228903200, 1228903200, 0, 0, 0, 0, 0, 0, 1219916263, 1219916263);
REPLACE INTO `resources_assign` (`assign_id`, `resource_id`, `assign_user_id`, `user_free_name`, `begin`, `end`, `repeat_end`, `repeat_quantity`, `repeat_interval`, `repeat_month_of_year`, `repeat_day_of_month`, `repeat_week_of_month`, `repeat_day_of_week`, `mkdate`, `chdate`) VALUES ('da7886ce793fb0e1ee28fa9c26d83a56', '51ad4b7100d3a8a1db61c7b099f052a6', '01802b4c02bee614b0492d0f132117a1', '', 1229500800, 1229508000, 1229508000, 0, 0, 0, 0, 0, 0, 1219916263, 1219916263);
REPLACE INTO `resources_assign` (`assign_id`, `resource_id`, `assign_user_id`, `user_free_name`, `begin`, `end`, `repeat_end`, `repeat_quantity`, `repeat_interval`, `repeat_month_of_year`, `repeat_day_of_month`, `repeat_week_of_month`, `repeat_day_of_week`, `mkdate`, `chdate`) VALUES ('16eced43563c1e7db14902a57352989e', '51ad4b7100d3a8a1db61c7b099f052a6', '709352c97761caf95a659a6227635918', '', 1231315200, 1231322400, 1231322400, 0, 0, 0, 0, 0, 0, 1219916263, 1219916263);
REPLACE INTO `resources_assign` (`assign_id`, `resource_id`, `assign_user_id`, `user_free_name`, `begin`, `end`, `repeat_end`, `repeat_quantity`, `repeat_interval`, `repeat_month_of_year`, `repeat_day_of_month`, `repeat_week_of_month`, `repeat_day_of_week`, `mkdate`, `chdate`) VALUES ('95a3ff9cbf34cc25257ac54d8ce9a58e', '51ad4b7100d3a8a1db61c7b099f052a6', 'd3fb511bc0684f7d2a9ebe3f32df834f', '', 1231920000, 1231927200, 1231927200, 0, 0, 0, 0, 0, 0, 1219916263, 1219916263);
REPLACE INTO `resources_assign` (`assign_id`, `resource_id`, `assign_user_id`, `user_free_name`, `begin`, `end`, `repeat_end`, `repeat_quantity`, `repeat_interval`, `repeat_month_of_year`, `repeat_day_of_month`, `repeat_week_of_month`, `repeat_day_of_week`, `mkdate`, `chdate`) VALUES ('ab953980c3a8e0e9c237133463e7caee', '51ad4b7100d3a8a1db61c7b099f052a6', '7bdcd410f8593a58e1c7b2c231cf303c', '', 1232524800, 1232532000, 1232532000, 0, 0, 0, 0, 0, 0, 1219916263, 1219916263);
REPLACE INTO `resources_assign` (`assign_id`, `resource_id`, `assign_user_id`, `user_free_name`, `begin`, `end`, `repeat_end`, `repeat_quantity`, `repeat_interval`, `repeat_month_of_year`, `repeat_day_of_month`, `repeat_week_of_month`, `repeat_day_of_week`, `mkdate`, `chdate`) VALUES ('78c1c44125bda5270cf28f4a4363f9ab', '51ad4b7100d3a8a1db61c7b099f052a6', '5f45ffd2293f607a6539cc0c519837f5', '', 1233129600, 1233136800, 1233136800, 0, 0, 0, 0, 0, 0, 1219916264, 1219916264);

-- 
-- Daten für Tabelle `resources_objects`
-- 

REPLACE INTO `resources_objects` (`resource_id`, `root_id`, `parent_id`, `category_id`, `owner_id`, `institut_id`, `level`, `name`, `description`, `lockable`, `multiple_assign`, `mkdate`, `chdate`) VALUES ('0ff09e4f5a729981e978d970f9d970cb', '0ff09e4f5a729981e978d970f9d970cb', '0', '', '76ed43ef286fb55cf9e41beadb484a9f', '', 0, 'Gebäude', '', 0, 0, 1084640001, 1084640009);
REPLACE INTO `resources_objects` (`resource_id`, `root_id`, `parent_id`, `category_id`, `owner_id`, `institut_id`, `level`, `name`, `description`, `lockable`, `multiple_assign`, `mkdate`, `chdate`) VALUES ('f37cbb74e9c9a8a0539bac1f3d6c1e96', 'f37cbb74e9c9a8a0539bac1f3d6c1e96', '0', '', '76ed43ef286fb55cf9e41beadb484a9f', '', 0, 'Geräte', 'Dieses Objekt kennzeichnet eine Hierachie und kann jederzeit in eine Ressource umgewandelt werden', 0, 0, 1084640011, 1084640036);
REPLACE INTO `resources_objects` (`resource_id`, `root_id`, `parent_id`, `category_id`, `owner_id`, `institut_id`, `level`, `name`, `description`, `lockable`, `multiple_assign`, `mkdate`, `chdate`) VALUES ('8a57860ca2be4cc3a77c06c1d346ea57', '0ff09e4f5a729981e978d970f9d970cb', '0ff09e4f5a729981e978d970f9d970cb', '3cbcc99c39476b8e2c8eef5381687461', '76ed43ef286fb55cf9e41beadb484a9f', '', 1, 'Hörsaalgebäude', 'Dieses Objekt wurde neu erstellt. Es wurden noch keine Eigenschaften zugewiesen.', 0, 1, 1084640042, 1084640452);
REPLACE INTO `resources_objects` (`resource_id`, `root_id`, `parent_id`, `category_id`, `owner_id`, `institut_id`, `level`, `name`, `description`, `lockable`, `multiple_assign`, `mkdate`, `chdate`) VALUES ('6350c6ae2ec6fd8bd852d505789d0666', '0ff09e4f5a729981e978d970f9d970cb', '0ff09e4f5a729981e978d970f9d970cb', '3cbcc99c39476b8e2c8eef5381687461', '76ed43ef286fb55cf9e41beadb484a9f', '', 1, 'Übungsgebäude', 'Dieses Objekt wurde neu erstellt. Es wurden noch keine Eigenschaften zugewiesen.', 0, 1, 1084640386, 1084640429);
REPLACE INTO `resources_objects` (`resource_id`, `root_id`, `parent_id`, `category_id`, `owner_id`, `institut_id`, `level`, `name`, `description`, `lockable`, `multiple_assign`, `mkdate`, `chdate`) VALUES ('728f1578de643fb08b32b4b8afb2db77', '0ff09e4f5a729981e978d970f9d970cb', '8a57860ca2be4cc3a77c06c1d346ea57', '85d62e2a8a87a2924db8fc4ed3fde09d', '76ed43ef286fb55cf9e41beadb484a9f', '', 2, 'Hörsaal 1', 'Dieses Objekt wurde neu erstellt. Es wurden noch keine Eigenschaften zugewiesen.', 0, 0, 1084640456, 1084640468);
REPLACE INTO `resources_objects` (`resource_id`, `root_id`, `parent_id`, `category_id`, `owner_id`, `institut_id`, `level`, `name`, `description`, `lockable`, `multiple_assign`, `mkdate`, `chdate`) VALUES ('b17c4ea6e053f2fffba8a5517fc277b3', '0ff09e4f5a729981e978d970f9d970cb', '8a57860ca2be4cc3a77c06c1d346ea57', '85d62e2a8a87a2924db8fc4ed3fde09d', '76ed43ef286fb55cf9e41beadb484a9f', '', 2, 'Hörsaal 2', 'Dieses Objekt wurde neu erstellt. Es wurden noch keine Eigenschaften zugewiesen.', 0, 0, 1084640520, 1084640528);
REPLACE INTO `resources_objects` (`resource_id`, `root_id`, `parent_id`, `category_id`, `owner_id`, `institut_id`, `level`, `name`, `description`, `lockable`, `multiple_assign`, `mkdate`, `chdate`) VALUES ('2f98bf64830043fd98a39fbbe2068678', '0ff09e4f5a729981e978d970f9d970cb', '8a57860ca2be4cc3a77c06c1d346ea57', '85d62e2a8a87a2924db8fc4ed3fde09d', '76ed43ef286fb55cf9e41beadb484a9f', '', 2, 'Hörsaal 3', 'Dieses Objekt wurde neu erstellt. Es wurden noch keine Eigenschaften zugewiesen.', 0, 0, 1084640542, 1084640555);
REPLACE INTO `resources_objects` (`resource_id`, `root_id`, `parent_id`, `category_id`, `owner_id`, `institut_id`, `level`, `name`, `description`, `lockable`, `multiple_assign`, `mkdate`, `chdate`) VALUES ('51ad4b7100d3a8a1db61c7b099f052a6', '0ff09e4f5a729981e978d970f9d970cb', '6350c6ae2ec6fd8bd852d505789d0666', '5a72dfe3f0c0295a8fe4e12c86d4c8f4', '76ed43ef286fb55cf9e41beadb484a9f', '', 2, 'Seminarraum 1', 'Dieses Objekt wurde neu erstellt. Es wurden noch keine Eigenschaften zugewiesen.', 0, 0, 1084640567, 1084640578);
REPLACE INTO `resources_objects` (`resource_id`, `root_id`, `parent_id`, `category_id`, `owner_id`, `institut_id`, `level`, `name`, `description`, `lockable`, `multiple_assign`, `mkdate`, `chdate`) VALUES ('a8c03520e8ad9dc90fb2d161ffca7d7b', '0ff09e4f5a729981e978d970f9d970cb', '6350c6ae2ec6fd8bd852d505789d0666', '5a72dfe3f0c0295a8fe4e12c86d4c8f4', '76ed43ef286fb55cf9e41beadb484a9f', '', 2, 'Seminarraum 2', 'Dieses Objekt wurde neu erstellt. Es wurden noch keine Eigenschaften zugewiesen.', 0, 0, 1084640590, 1084640599);
REPLACE INTO `resources_objects` (`resource_id`, `root_id`, `parent_id`, `category_id`, `owner_id`, `institut_id`, `level`, `name`, `description`, `lockable`, `multiple_assign`, `mkdate`, `chdate`) VALUES ('5ead77812be3b601e2f08ed5da4c5630', '0ff09e4f5a729981e978d970f9d970cb', '6350c6ae2ec6fd8bd852d505789d0666', '5a72dfe3f0c0295a8fe4e12c86d4c8f4', '76ed43ef286fb55cf9e41beadb484a9f', '', 2, 'Seminarraum 3', 'Dieses Objekt wurde neu erstellt. Es wurden noch keine Eigenschaften zugewiesen.', 0, 0, 1084640611, 1084723704);
REPLACE INTO `resources_objects` (`resource_id`, `root_id`, `parent_id`, `category_id`, `owner_id`, `institut_id`, `level`, `name`, `description`, `lockable`, `multiple_assign`, `mkdate`, `chdate`) VALUES ('52b435cbdd021bcc5cd78835de2b4f57', 'f37cbb74e9c9a8a0539bac1f3d6c1e96', 'f37cbb74e9c9a8a0539bac1f3d6c1e96', 'f3351baeca8776d4ffe4b672f568cbed', '76ed43ef286fb55cf9e41beadb484a9f', '', 1, 'Beamer', 'Dieses Objekt wurde neu erstellt. Es wurden noch keine Eigenschaften zugewiesen.', 0, 0, 1084640739, 1084640748);
REPLACE INTO `resources_objects` (`resource_id`, `root_id`, `parent_id`, `category_id`, `owner_id`, `institut_id`, `level`, `name`, `description`, `lockable`, `multiple_assign`, `mkdate`, `chdate`) VALUES ('ffacb5f74be406a524a380f1c135ee02', 'f37cbb74e9c9a8a0539bac1f3d6c1e96', 'f37cbb74e9c9a8a0539bac1f3d6c1e96', 'f3351baeca8776d4ffe4b672f568cbed', '76ed43ef286fb55cf9e41beadb484a9f', '', 1, 'Tageslichtprojektor', 'Dieses Objekt wurde neu erstellt. Es wurden noch keine Eigenschaften zugewiesen.', 0, 0, 1084640761, 1084640778);

-- 
-- Daten für Tabelle `resources_objects_properties`
-- 

REPLACE INTO `resources_objects_properties` (`resource_id`, `property_id`, `state`) VALUES ('6350c6ae2ec6fd8bd852d505789d0666', 'c4f13691419a6c12d38ad83daa926c7c', 'Liebigstr. 1');
REPLACE INTO `resources_objects_properties` (`resource_id`, `property_id`, `state`) VALUES ('6350c6ae2ec6fd8bd852d505789d0666', 'b79b77f40706ed598f5403f953c1f791', 'on');
REPLACE INTO `resources_objects_properties` (`resource_id`, `property_id`, `state`) VALUES ('8a57860ca2be4cc3a77c06c1d346ea57', 'c4f13691419a6c12d38ad83daa926c7c', 'Universitätsstr. 1');
REPLACE INTO `resources_objects_properties` (`resource_id`, `property_id`, `state`) VALUES ('8a57860ca2be4cc3a77c06c1d346ea57', 'b79b77f40706ed598f5403f953c1f791', 'on');
REPLACE INTO `resources_objects_properties` (`resource_id`, `property_id`, `state`) VALUES ('728f1578de643fb08b32b4b8afb2db77', '44fd30e8811d0d962582fa1a9c452bdd', '500');
REPLACE INTO `resources_objects_properties` (`resource_id`, `property_id`, `state`) VALUES ('728f1578de643fb08b32b4b8afb2db77', '7c1a8f6001cfdcb9e9c33eeee0ef343d', 'on');
REPLACE INTO `resources_objects_properties` (`resource_id`, `property_id`, `state`) VALUES ('728f1578de643fb08b32b4b8afb2db77', 'b79b77f40706ed598f5403f953c1f791', 'on');
REPLACE INTO `resources_objects_properties` (`resource_id`, `property_id`, `state`) VALUES ('728f1578de643fb08b32b4b8afb2db77', '613cfdf6aa1072e21a1edfcfb0445c69', 'on');
REPLACE INTO `resources_objects_properties` (`resource_id`, `property_id`, `state`) VALUES ('728f1578de643fb08b32b4b8afb2db77', 'afb8675e2257c03098aa34b2893ba686', 'on');
REPLACE INTO `resources_objects_properties` (`resource_id`, `property_id`, `state`) VALUES ('728f1578de643fb08b32b4b8afb2db77', '1f8cef2b614382e36eaa4a29f6027edf', 'on');
REPLACE INTO `resources_objects_properties` (`resource_id`, `property_id`, `state`) VALUES ('728f1578de643fb08b32b4b8afb2db77', '28addfe18e86cc3587205734c8bc2372', 'on');
REPLACE INTO `resources_objects_properties` (`resource_id`, `property_id`, `state`) VALUES ('b17c4ea6e053f2fffba8a5517fc277b3', '44fd30e8811d0d962582fa1a9c452bdd', '150');
REPLACE INTO `resources_objects_properties` (`resource_id`, `property_id`, `state`) VALUES ('b17c4ea6e053f2fffba8a5517fc277b3', '7c1a8f6001cfdcb9e9c33eeee0ef343d', 'on');
REPLACE INTO `resources_objects_properties` (`resource_id`, `property_id`, `state`) VALUES ('b17c4ea6e053f2fffba8a5517fc277b3', 'b79b77f40706ed598f5403f953c1f791', 'on');
REPLACE INTO `resources_objects_properties` (`resource_id`, `property_id`, `state`) VALUES ('b17c4ea6e053f2fffba8a5517fc277b3', '28addfe18e86cc3587205734c8bc2372', '');
REPLACE INTO `resources_objects_properties` (`resource_id`, `property_id`, `state`) VALUES ('2f98bf64830043fd98a39fbbe2068678', '44fd30e8811d0d962582fa1a9c452bdd', '25');
REPLACE INTO `resources_objects_properties` (`resource_id`, `property_id`, `state`) VALUES ('2f98bf64830043fd98a39fbbe2068678', 'b79b77f40706ed598f5403f953c1f791', 'on');
REPLACE INTO `resources_objects_properties` (`resource_id`, `property_id`, `state`) VALUES ('2f98bf64830043fd98a39fbbe2068678', '613cfdf6aa1072e21a1edfcfb0445c69', 'on');
REPLACE INTO `resources_objects_properties` (`resource_id`, `property_id`, `state`) VALUES ('2f98bf64830043fd98a39fbbe2068678', '28addfe18e86cc3587205734c8bc2372', 'on');
REPLACE INTO `resources_objects_properties` (`resource_id`, `property_id`, `state`) VALUES ('51ad4b7100d3a8a1db61c7b099f052a6', '44fd30e8811d0d962582fa1a9c452bdd', '25');
REPLACE INTO `resources_objects_properties` (`resource_id`, `property_id`, `state`) VALUES ('51ad4b7100d3a8a1db61c7b099f052a6', '613cfdf6aa1072e21a1edfcfb0445c69', 'on');
REPLACE INTO `resources_objects_properties` (`resource_id`, `property_id`, `state`) VALUES ('51ad4b7100d3a8a1db61c7b099f052a6', 'afb8675e2257c03098aa34b2893ba686', 'on');
REPLACE INTO `resources_objects_properties` (`resource_id`, `property_id`, `state`) VALUES ('51ad4b7100d3a8a1db61c7b099f052a6', '28addfe18e86cc3587205734c8bc2372', 'on');
REPLACE INTO `resources_objects_properties` (`resource_id`, `property_id`, `state`) VALUES ('a8c03520e8ad9dc90fb2d161ffca7d7b', '44fd30e8811d0d962582fa1a9c452bdd', '30');
REPLACE INTO `resources_objects_properties` (`resource_id`, `property_id`, `state`) VALUES ('a8c03520e8ad9dc90fb2d161ffca7d7b', '7c1a8f6001cfdcb9e9c33eeee0ef343d', 'on');
REPLACE INTO `resources_objects_properties` (`resource_id`, `property_id`, `state`) VALUES ('a8c03520e8ad9dc90fb2d161ffca7d7b', 'b79b77f40706ed598f5403f953c1f791', 'on');
REPLACE INTO `resources_objects_properties` (`resource_id`, `property_id`, `state`) VALUES ('a8c03520e8ad9dc90fb2d161ffca7d7b', '613cfdf6aa1072e21a1edfcfb0445c69', 'on');
REPLACE INTO `resources_objects_properties` (`resource_id`, `property_id`, `state`) VALUES ('a8c03520e8ad9dc90fb2d161ffca7d7b', 'afb8675e2257c03098aa34b2893ba686', 'on');
REPLACE INTO `resources_objects_properties` (`resource_id`, `property_id`, `state`) VALUES ('a8c03520e8ad9dc90fb2d161ffca7d7b', '28addfe18e86cc3587205734c8bc2372', 'on');
REPLACE INTO `resources_objects_properties` (`resource_id`, `property_id`, `state`) VALUES ('5ead77812be3b601e2f08ed5da4c5630', '44fd30e8811d0d962582fa1a9c452bdd', '15');
REPLACE INTO `resources_objects_properties` (`resource_id`, `property_id`, `state`) VALUES ('5ead77812be3b601e2f08ed5da4c5630', 'afb8675e2257c03098aa34b2893ba686', 'on');
REPLACE INTO `resources_objects_properties` (`resource_id`, `property_id`, `state`) VALUES ('5ead77812be3b601e2f08ed5da4c5630', '1f8cef2b614382e36eaa4a29f6027edf', 'on');
REPLACE INTO `resources_objects_properties` (`resource_id`, `property_id`, `state`) VALUES ('52b435cbdd021bcc5cd78835de2b4f57', 'c4352a580051a81830ef5980941c9e06', '123456789');
REPLACE INTO `resources_objects_properties` (`resource_id`, `property_id`, `state`) VALUES ('52b435cbdd021bcc5cd78835de2b4f57', 'cb8140efbc2af5362b1159c65deeec9e', 'Sony');
REPLACE INTO `resources_objects_properties` (`resource_id`, `property_id`, `state`) VALUES ('52b435cbdd021bcc5cd78835de2b4f57', '39c73942e1c1650fa20c7259be96b3f3', '123132dffd5');
REPLACE INTO `resources_objects_properties` (`resource_id`, `property_id`, `state`) VALUES ('ffacb5f74be406a524a380f1c135ee02', 'c4352a580051a81830ef5980941c9e06', '225566');
REPLACE INTO `resources_objects_properties` (`resource_id`, `property_id`, `state`) VALUES ('ffacb5f74be406a524a380f1c135ee02', 'cb8140efbc2af5362b1159c65deeec9e', 'Telefunken');
REPLACE INTO `resources_objects_properties` (`resource_id`, `property_id`, `state`) VALUES ('ffacb5f74be406a524a380f1c135ee02', '39c73942e1c1650fa20c7259be96b3f3', 'wwqw');
REPLACE INTO `resources_objects_properties` (`resource_id`, `property_id`, `state`) VALUES ('5ead77812be3b601e2f08ed5da4c5630', '28addfe18e86cc3587205734c8bc2372', '');
