
-- 
-- Daten für Tabelle `config`
-- 

INSERT INTO `config` (`config_id`, `parent_id`, `field`, `value`, `is_default`, `type`, `range`, `section`, `position`, `mkdate`, `chdate`, `description`, `comment`, `message_template`) VALUES ('3d415eca6003321f09e59407e4a7994d', '', 'RESOURCES_LOCKING_ACTIVE', '', 1, 'boolean', 'global', 'resources', 0, 0, 1100709567, 'Schaltet in der Ressourcenverwaltung das Blockieren der Bearbeitung für einen Zeitraum aus (nur Admins dürfen in dieser Zeit auf die Belegung zugreifen)', '', '');
INSERT INTO `config` (`config_id`, `parent_id`, `field`, `value`, `is_default`, `type`, `range`, `section`, `position`, `mkdate`, `chdate`, `description`, `comment`, `message_template`) VALUES ('b7a2817d142443245df2f5ac587fe218', '', 'RESOURCES_ALLOW_ROOM_REQUESTS', '', 1, 'boolean', 'global', '', 0, 0, 1100709567, 'Schaltet in der Ressourcenverwaltung das System zum Stellen und Bearbeiten von Raumanfragen ein oder aus', '', '');
INSERT INTO `config` (`config_id`, `parent_id`, `field`, `value`, `is_default`, `type`, `range`, `section`, `position`, `mkdate`, `chdate`, `description`, `comment`, `message_template`) VALUES ('d821ffbff29ce636c6763ffe3fd8b427', '', 'RESOURCES_ALLOW_CREATE_ROOMS', '2', 1, 'integer', 'global', '', 0, 0, 1100709567, 'Welche Rechstufe darf  Räume anlegen? 1 = Nutzer ab Status tutor, 2 = Nutzer ab Status admin, 3 = nur Ressourcenadministratoren', '', '');
INSERT INTO `config` (`config_id`, `parent_id`, `field`, `value`, `is_default`, `type`, `range`, `section`, `position`, `mkdate`, `chdate`, `description`, `comment`, `message_template`) VALUES ('5a6e2342b90530ed50ad8497054420c0', '', 'RESOURCES_ALLOW_ROOM_PROPERTY_REQUESTS', '1', 1, 'boolean', 'global', '', 0, 0, 1074780851, 'Schaltet in der Ressourcenverwaltung die Möglichkeit, im Rahmen einer Anfrage Raumeigenschaften zu wünschen, ein oder aus', '', '');
INSERT INTO `config` (`config_id`, `parent_id`, `field`, `value`, `is_default`, `type`, `range`, `section`, `position`, `mkdate`, `chdate`, `description`, `comment`, `message_template`) VALUES ('e4123cf9158cd0b936144f0f4cf8dfa3', '', 'RESOURCES_INHERITANCE_PERMS_ROOMS', '1', 1, 'integer', 'global', '', 0, 0, 1100709567, 'Art der Rechtevererbung in der Ressourcenverwaltung für Räume: 1 = lokale Rechte der Einrichtung und Veranstaltung werden übertragen, 2 = nur Autorenrechte werden vergeben, 3 = es werden keine Rechte vergeben', '', '');
INSERT INTO `config` (`config_id`, `parent_id`, `field`, `value`, `is_default`, `type`, `range`, `section`, `position`, `mkdate`, `chdate`, `description`, `comment`, `message_template`) VALUES ('45856b1e3407ce565d87ec9b8fd32d7d', '', 'RESOURCES_INHERITANCE_PERMS', '1', 1, 'integer', 'global', '', 0, 0, 1100709567, 'Art der Rechtevererbung in der Ressourcenverwaltung für Ressourcen (nicht Räume): 1 = lokale Rechte der Einrichtung und Veranstaltung werden übertragen, 2 = nur Autorenrechte werden vergeben, 3 = es werden keine Rechte vergeben', '', '');
INSERT INTO `config` (`config_id`, `parent_id`, `field`, `value`, `is_default`, `type`, `range`, `section`, `position`, `mkdate`, `chdate`, `description`, `comment`, `message_template`) VALUES ('c353c73d8f37e3c301ae34898c837af4', '', 'RESOURCES_ENABLE_ORGA_CLASSIFY', '1', 1, 'boolean', 'global', '', 0, 0, 1100709567, 'Schaltet in der Ressourcenverwaltung das Einordnen von Ressourcen in Orga-Struktur (ohne Rechtevergabe) ein oder aus', '', '');
INSERT INTO `config` (`config_id`, `parent_id`, `field`, `value`, `is_default`, `type`, `range`, `section`, `position`, `mkdate`, `chdate`, `description`, `comment`, `message_template`) VALUES ('0821671742242add144595b1112399fb', '', 'RESOURCES_ALLOW_SINGLE_ASSIGN_PERCENTAGE', '50', 1, 'integer', 'global', '', 0, 0, 1100709567, 'Wert (in Prozent), ab dem ein Raum mit Einzelbelegungen (statt Serienbelegungen) gefüllt wird, wenn dieser Anteil an möglichen Belegungen bereits durch andere Belegungen zu Überschneidungen führt', '', '');
INSERT INTO `config` (`config_id`, `parent_id`, `field`, `value`, `is_default`, `type`, `range`, `section`, `position`, `mkdate`, `chdate`, `description`, `comment`, `message_template`) VALUES ('94d1643209a8f404dfe71228aad5345d', '', 'RESOURCES_ALLOW_SINGLE_DATE_GROUPING', '5', 1, 'integer', 'global', '', 0, 0, 1100709567, 'Anzahl an Einzeltermine, ab der diese als Gruppe zusammengefasst bearbeitet werden', '', '');
INSERT INTO `config` (`config_id`, `parent_id`, `field`, `value`, `is_default`, `type`, `range`, `section`, `position`, `mkdate`, `chdate`, `description`, `comment`, `message_template`) VALUES ('074ccc86f0313dd695dc8e3ec3cebe73', '', 'HTML_HEAD_TITLE', 'Stud.IP', 1, 'string', 'global', '', 0, 0, 0, 'Angezeigter Titel in der Kopfzeile des Browsers', '', '');
INSERT INTO `config` (`config_id`, `parent_id`, `field`, `value`, `is_default`, `type`, `range`, `section`, `position`, `mkdate`, `chdate`, `description`, `comment`, `message_template`) VALUES ('f2f8a47ea69ed9ccba5573e85a15662c', '', 'ACCESSKEY_ENABLE', '', 1, 'boolean', 'user', '', 0, 0, 0, 'Schaltet die Nutzung von Shortcuts für einen User ein oder aus, Systemdefault', '', '');
INSERT INTO `config` (`config_id`, `parent_id`, `field`, `value`, `is_default`, `type`, `range`, `section`, `position`, `mkdate`, `chdate`, `description`, `comment`, `message_template`) VALUES ('0b00c75bc76abe0dd132570403b38e5c', '', 'NEWS_RSS_EXPORT_ENABLE', '1', 1, 'boolean', 'global', '', 0, 0, 0, 'Schaltet die Möglichkeit des rss-Export von privaten News global ein oder aus', '', '');
INSERT INTO `config` (`config_id`, `parent_id`, `field`, `value`, `is_default`, `type`, `range`, `section`, `position`, `mkdate`, `chdate`, `description`, `comment`, `message_template`) VALUES ('42d237f9dfd852318cdc66319043536d', '', 'FOAF_SHOW_IDENTITY', '', 1, 'boolean', 'user', '', 0, 0, 0, 'Schaltet für einen User ein oder aus, ob dieser in FOAS-Ketten angezeigt wird, Systemdefault', '', '');
INSERT INTO `config` (`config_id`, `parent_id`, `field`, `value`, `is_default`, `type`, `range`, `section`, `position`, `mkdate`, `chdate`, `description`, `comment`, `message_template`) VALUES ('6ae7aecf299930cbb8a5e89bbab4da55', '', 'FOAF_ENABLE', '1', 1, 'boolean', 'global', '', 0, 0, 0, 'FOAF Feature benutzen?', '', '');
INSERT INTO `config` (`config_id`, `parent_id`, `field`, `value`, `is_default`, `type`, `range`, `section`, `position`, `mkdate`, `chdate`, `description`, `comment`, `message_template`) VALUES ('a52e3b62ac0bee819b782d8979960b7b', '', 'RESOURCES_ENABLE_GROUPING', '1', 1, 'boolean', 'global', '', 0, 0, 1121861801, 'Schaltet in der Ressourcenverwaltung die Funktion zur Verwaltung von Raumgruppen ein oder aus', '', '');
INSERT INTO `config` (`config_id`, `parent_id`, `field`, `value`, `is_default`, `type`, `range`, `section`, `position`, `mkdate`, `chdate`, `description`, `comment`, `message_template`) VALUES ('76cac679fa57fdbb3f9d6cee20bf8c6f', '', 'RESOURCES_ENABLE_SEM_SCHEDULE', '1', 1, 'boolean', 'global', '', 0, 0, 0, 'Schaltet in der Ressourcenverwaltung ein, ob ein Semesterbelegungsplan erstellt werden kann', '', '');
INSERT INTO `config` (`config_id`, `parent_id`, `field`, `value`, `is_default`, `type`, `range`, `section`, `position`, `mkdate`, `chdate`, `description`, `comment`, `message_template`) VALUES ('3af783748f92cdf99b066d4227f8dffc', '', 'RESOURCES_SEARCH_ONLY_REQUESTABLE_PROPERTY', '1', 1, 'boolean', 'global', '', 0, 0, 0, 'Schaltet in der Suche der Ressourcenverwaltun das Durchsuchen von nicht wünschbaren Eigenschaften ein oder aus', '', '');
INSERT INTO `config` (`config_id`, `parent_id`, `field`, `value`, `is_default`, `type`, `range`, `section`, `position`, `mkdate`, `chdate`, `description`, `comment`, `message_template`) VALUES ('fe498bb91a4cbfdfd5078915e979153c', '', 'RESOURCES_ENABLE_VIRTUAL_ROOM_GROUPS', '1', 1, 'boolean', 'global', '', 0, 0, 0, 'Schaltet in der Ressourcenverwaltung automatische gebildete Raumgruppen neben per Konfigurationsdatei definierten Gruppen ein oder aus', '', '');
INSERT INTO `config` (`config_id`, `parent_id`, `field`, `value`, `is_default`, `type`, `range`, `section`, `position`, `mkdate`, `chdate`, `description`, `comment`, `message_template`) VALUES ('68b127dde744085637d221e11d4e8cf2', '', 'RESOURCES_ALLOW_CREATE_TOP_LEVEL', '', 1, 'boolean', 'global', '', 0, 0, 0, 'Schaltet für die Ressourcenverwaltung ein, ob neue Hierachieebenen von anderen Nutzern als Admins angelegt werden können oder nicht', '', '');
INSERT INTO `config` (`config_id`, `parent_id`, `field`, `value`, `is_default`, `type`, `range`, `section`, `position`, `mkdate`, `chdate`, `description`, `comment`, `message_template`) VALUES ('b16359d5514b13794689eab669124c69', '', 'ALLOW_DOZENT_VISIBILITY', '', 1, 'boolean', 'global', '', 0, 0, 0, 'Schaltet ein oder aus, ob ein Dozent eigene Veranstaltungen selbst verstecken darf oder nicht', '', '');
INSERT INTO `config` (`config_id`, `parent_id`, `field`, `value`, `is_default`, `type`, `range`, `section`, `position`, `mkdate`, `chdate`, `description`, `comment`, `message_template`) VALUES ('e8cd96580149cde65ad69b6cf18d5c39', '', 'ALLOW_DOZENT_ARCHIV', '', 1, 'boolean', 'global', '', 0, 0, 1109946684, 'Schaltet ein oder aus, ob ein Dozent eigene Veranstaltungen selbst archivieren darf oder nicht', '', '');
INSERT INTO `config` (`config_id`, `parent_id`, `field`, `value`, `is_default`, `type`, `range`, `section`, `position`, `mkdate`, `chdate`, `description`, `comment`, `message_template`) VALUES ('24ecbeb431826c61fd8b53b3aa41bfa6', '', 'SHOWSEM_ENABLE', '1', 1, 'boolean', 'user', '', 0, 1122461027, 1122461027, 'Einstellung für Nutzer, ob Semesterangaben in der Übersicht "Meine Veranstaltung" nach dem Titel der Veranstaltung gemacht werden; Systemdefault', '', '');
INSERT INTO `config` (`config_id`, `parent_id`, `field`, `value`, `is_default`, `type`, `range`, `section`, `position`, `mkdate`, `chdate`, `description`, `comment`, `message_template`) VALUES ('91e6e53b3748a53c42440453e8045be3', '', 'RESOURCES_ALLOW_SEMASSI_SKIP_REQUEST', '1', 1, 'boolean', 'global', '', 0, 1122565305, 1122565305, 'Schaltet das Pflicht, eine Raumanfrage beim Anlegen einer Veranstaltung machen zu müssen, ein oder aus', '', '');
INSERT INTO `config` (`config_id`, `parent_id`, `field`, `value`, `is_default`, `type`, `range`, `section`, `position`, `mkdate`, `chdate`, `description`, `comment`, `message_template`) VALUES ('f32367b1542a1d513ecee8a26e26d239', '', 'RESOURCES_SCHEDULE_EXPLAIN_USER_NAME', '1', 1, 'boolean', 'global', '', 0, 1123516671, 1123516671, 'Schaltet in der Ressourcenverwaltung die Anzeige der Namen des Belegers in der Ausgabe von Belegungsplänen ein oder aus', '', '');
INSERT INTO `config` (`config_id`, `parent_id`, `field`, `value`, `is_default`, `type`, `range`, `section`, `position`, `mkdate`, `chdate`, `description`, `comment`, `message_template`) VALUES ('4c52bfa598daa03944a401b66c53d828', '', 'NEWS_DISABLE_GARBAGE_COLLECT', '0', 1, 'boolean', 'global', '', 0, 1123751948, 1123751948, 'Schaltet den Garbage-Collect für News ein oder aus', '', '');

-- 
-- Daten für Tabelle `evalanswer`
-- 

INSERT INTO `evalanswer` (`evalanswer_id`, `parent_id`, `position`, `text`, `value`, `rows`, `counter`, `residual`) VALUES ('d67301d4f59aa35d1e3f12a9791b6885', 'ef227e91618878835d52cfad3e6d816b', 0, 'Sehr gut', 1, 0, 0, 0);
INSERT INTO `evalanswer` (`evalanswer_id`, `parent_id`, `position`, `text`, `value`, `rows`, `counter`, `residual`) VALUES ('7052b76e616656e4b70f1c504c04ec81', 'ef227e91618878835d52cfad3e6d816b', 1, '', 2, 0, 0, 0);
INSERT INTO `evalanswer` (`evalanswer_id`, `parent_id`, `position`, `text`, `value`, `rows`, `counter`, `residual`) VALUES ('64152ace8f2a74d0efb67c54eff64a2b', 'ef227e91618878835d52cfad3e6d816b', 2, '', 3, 0, 0, 0);
INSERT INTO `evalanswer` (`evalanswer_id`, `parent_id`, `position`, `text`, `value`, `rows`, `counter`, `residual`) VALUES ('3a3ab5307f39ea039d41fb6f2683475e', 'ef227e91618878835d52cfad3e6d816b', 3, '', 4, 0, 0, 0);
INSERT INTO `evalanswer` (`evalanswer_id`, `parent_id`, `position`, `text`, `value`, `rows`, `counter`, `residual`) VALUES ('6115b19f694ccd3d010a0047ff8f970a', 'ef227e91618878835d52cfad3e6d816b', 4, 'Sehr Schlecht', 5, 0, 0, 0);
INSERT INTO `evalanswer` (`evalanswer_id`, `parent_id`, `position`, `text`, `value`, `rows`, `counter`, `residual`) VALUES ('be4c3e5fe0b2b735bb3b2712afa8c490', 'ef227e91618878835d52cfad3e6d816b', 5, 'Keine Meinung', 6, 0, 0, 1);
INSERT INTO `evalanswer` (`evalanswer_id`, `parent_id`, `position`, `text`, `value`, `rows`, `counter`, `residual`) VALUES ('84be4c31449a9c1807bf2dea0dc869f1', '724244416b5d04a4d8f4eab8a86fdbf8', 0, 'Sehr gut', 1, 0, 0, 0);
INSERT INTO `evalanswer` (`evalanswer_id`, `parent_id`, `position`, `text`, `value`, `rows`, `counter`, `residual`) VALUES ('c446970d2addd68e43c2a6cae6117bf7', '724244416b5d04a4d8f4eab8a86fdbf8', 1, 'Gut', 2, 0, 0, 0);
INSERT INTO `evalanswer` (`evalanswer_id`, `parent_id`, `position`, `text`, `value`, `rows`, `counter`, `residual`) VALUES ('3d4dcedb714dfdcfbe65cd794b4d404b', '724244416b5d04a4d8f4eab8a86fdbf8', 2, 'Befriedigend', 3, 0, 0, 0);
INSERT INTO `evalanswer` (`evalanswer_id`, `parent_id`, `position`, `text`, `value`, `rows`, `counter`, `residual`) VALUES ('fa2bf667ba73ae74794df35171c2ad2e', '724244416b5d04a4d8f4eab8a86fdbf8', 3, 'Ausreichend', 4, 0, 0, 0);
INSERT INTO `evalanswer` (`evalanswer_id`, `parent_id`, `position`, `text`, `value`, `rows`, `counter`, `residual`) VALUES ('0be387b9379a05c5578afce64b0c688f', '724244416b5d04a4d8f4eab8a86fdbf8', 4, 'Mangelhaft', 5, 0, 0, 0);
INSERT INTO `evalanswer` (`evalanswer_id`, `parent_id`, `position`, `text`, `value`, `rows`, `counter`, `residual`) VALUES ('aec07dd525f2610bdd10bf778aa1893b', '724244416b5d04a4d8f4eab8a86fdbf8', 5, 'Nicht erteilt', 6, 0, 0, 1);
INSERT INTO `evalanswer` (`evalanswer_id`, `parent_id`, `position`, `text`, `value`, `rows`, `counter`, `residual`) VALUES ('7080335582e2787a54f315ec8cef631e', '95bbae27965d3404f7fa3af058850bd3', 0, 'trifft völlig zu', 1, 0, 0, 0);
INSERT INTO `evalanswer` (`evalanswer_id`, `parent_id`, `position`, `text`, `value`, `rows`, `counter`, `residual`) VALUES ('d68a74dc2c1f0ce226366da918dd161d', '95bbae27965d3404f7fa3af058850bd3', 1, 'trifft ziemlich zu', 2, 0, 0, 0);
INSERT INTO `evalanswer` (`evalanswer_id`, `parent_id`, `position`, `text`, `value`, `rows`, `counter`, `residual`) VALUES ('641686e7c61899b303cda106f20064e7', '95bbae27965d3404f7fa3af058850bd3', 2, 'teilsteils', 3, 0, 0, 0);
INSERT INTO `evalanswer` (`evalanswer_id`, `parent_id`, `position`, `text`, `value`, `rows`, `counter`, `residual`) VALUES ('7c36d074f2cc38765c982c9dfb769afc', '95bbae27965d3404f7fa3af058850bd3', 3, 'trifft wenig zu', 4, 0, 0, 0);
INSERT INTO `evalanswer` (`evalanswer_id`, `parent_id`, `position`, `text`, `value`, `rows`, `counter`, `residual`) VALUES ('5c4827f903168ed4483db5386a9ad5b8', '95bbae27965d3404f7fa3af058850bd3', 4, 'trifft gar nicht zu', 5, 0, 0, 0);
INSERT INTO `evalanswer` (`evalanswer_id`, `parent_id`, `position`, `text`, `value`, `rows`, `counter`, `residual`) VALUES ('c10a3f4e97f8badc5230a9900afde0c7', '95bbae27965d3404f7fa3af058850bd3', 5, 'kann ich nicht beurteilen', 6, 0, 0, 1);
INSERT INTO `evalanswer` (`evalanswer_id`, `parent_id`, `position`, `text`, `value`, `rows`, `counter`, `residual`) VALUES ('ced33706ca95aff2163c7d0381ef5717', '6fddac14c1f2ac490b93681b3da5fc66', 0, 'Montag', 1, 0, 0, 0);
INSERT INTO `evalanswer` (`evalanswer_id`, `parent_id`, `position`, `text`, `value`, `rows`, `counter`, `residual`) VALUES ('087c734855c8a5b34d99c16ad09cd312', '6fddac14c1f2ac490b93681b3da5fc66', 1, 'Dienstag', 2, 0, 0, 0);
INSERT INTO `evalanswer` (`evalanswer_id`, `parent_id`, `position`, `text`, `value`, `rows`, `counter`, `residual`) VALUES ('63f5011614f45329cc396b90d94a7096', '6fddac14c1f2ac490b93681b3da5fc66', 2, 'Mittwoch', 3, 0, 0, 0);
INSERT INTO `evalanswer` (`evalanswer_id`, `parent_id`, `position`, `text`, `value`, `rows`, `counter`, `residual`) VALUES ('ccd1eaddccca993f6789659b36f40506', '6fddac14c1f2ac490b93681b3da5fc66', 3, 'Donnerstag', 4, 0, 0, 0);
INSERT INTO `evalanswer` (`evalanswer_id`, `parent_id`, `position`, `text`, `value`, `rows`, `counter`, `residual`) VALUES ('48842cedeac739468741940982b5fe6d', '6fddac14c1f2ac490b93681b3da5fc66', 4, 'Freitag', 5, 0, 0, 0);
INSERT INTO `evalanswer` (`evalanswer_id`, `parent_id`, `position`, `text`, `value`, `rows`, `counter`, `residual`) VALUES ('21b3f7cf2de5cbb098d800f344d399ee', '12e508079c4770fb13c9fce028f40cac', 0, 'Montag', 1, 0, 0, 0);
INSERT INTO `evalanswer` (`evalanswer_id`, `parent_id`, `position`, `text`, `value`, `rows`, `counter`, `residual`) VALUES ('f0016e918b5bc5c4cf3cc62bf06fa2e9', '12e508079c4770fb13c9fce028f40cac', 1, 'Dienstag', 2, 0, 0, 0);
INSERT INTO `evalanswer` (`evalanswer_id`, `parent_id`, `position`, `text`, `value`, `rows`, `counter`, `residual`) VALUES ('c88242b50ff0bb43df32c1e15bdaca22', '12e508079c4770fb13c9fce028f40cac', 2, 'Mittwoch', 3, 0, 0, 0);
INSERT INTO `evalanswer` (`evalanswer_id`, `parent_id`, `position`, `text`, `value`, `rows`, `counter`, `residual`) VALUES ('b39860f6601899dcf87ba71944c57bc7', '12e508079c4770fb13c9fce028f40cac', 3, 'Donnerstag', 4, 0, 0, 0);
INSERT INTO `evalanswer` (`evalanswer_id`, `parent_id`, `position`, `text`, `value`, `rows`, `counter`, `residual`) VALUES ('568d6fd620642cb7395c27d145a76734', '12e508079c4770fb13c9fce028f40cac', 4, 'Freitag', 5, 0, 0, 0);
INSERT INTO `evalanswer` (`evalanswer_id`, `parent_id`, `position`, `text`, `value`, `rows`, `counter`, `residual`) VALUES ('39b98a5560d5dabaf67227e2895db8da', 'a68bd711902f23bd5c55a29f1ecaa095', 0, '', 1, 5, 0, 0);
INSERT INTO `evalanswer` (`evalanswer_id`, `parent_id`, `position`, `text`, `value`, `rows`, `counter`, `residual`) VALUES ('61ae27ab33c402316a3f1eb74e1c46ab', '442e1e464e12498bd238a7767215a5a2', 0, '', 1, 1, 0, 0);

-- 
-- Daten für Tabelle `evalquestion`
-- 

INSERT INTO `evalquestion` (`evalquestion_id`, `parent_id`, `type`, `position`, `text`, `multiplechoice`) VALUES ('ef227e91618878835d52cfad3e6d816b', '0', 'polskala', 0, 'Wertung 1-5', 0);
INSERT INTO `evalquestion` (`evalquestion_id`, `parent_id`, `type`, `position`, `text`, `multiplechoice`) VALUES ('724244416b5d04a4d8f4eab8a86fdbf8', '0', 'likertskala', 0, 'Schulnoten', 0);
INSERT INTO `evalquestion` (`evalquestion_id`, `parent_id`, `type`, `position`, `text`, `multiplechoice`) VALUES ('95bbae27965d3404f7fa3af058850bd3', '0', 'likertskala', 0, 'Wertung (trifft zu, ...)', 0);
INSERT INTO `evalquestion` (`evalquestion_id`, `parent_id`, `type`, `position`, `text`, `multiplechoice`) VALUES ('6fddac14c1f2ac490b93681b3da5fc66', '0', 'multiplechoice', 0, 'Werktage', 0);
INSERT INTO `evalquestion` (`evalquestion_id`, `parent_id`, `type`, `position`, `text`, `multiplechoice`) VALUES ('12e508079c4770fb13c9fce028f40cac', '0', 'multiplechoice', 0, 'Werktage-mehrfach', 1);
INSERT INTO `evalquestion` (`evalquestion_id`, `parent_id`, `type`, `position`, `text`, `multiplechoice`) VALUES ('a68bd711902f23bd5c55a29f1ecaa095', '0', 'multiplechoice', 0, 'Freitext-Mehrzeilig', 0);
INSERT INTO `evalquestion` (`evalquestion_id`, `parent_id`, `type`, `position`, `text`, `multiplechoice`) VALUES ('442e1e464e12498bd238a7767215a5a2', '0', 'multiplechoice', 0, 'Freitext-Einzeilig', 0);

-- 
-- Daten für Tabelle `semester_data`
-- 

INSERT INTO `semester_data` (`semester_id`, `name`, `description`, `semester_token`, `beginn`, `ende`, `vorles_beginn`, `vorles_ende`) VALUES ('110ff25b6e59a92da71f935fadbf89d1', 'WS 2005/2006', '', '', 1128117600, 1146434399, 1128895200, 1139698799);
INSERT INTO `semester_data` (`semester_id`, `name`, `description`, `semester_token`, `beginn`, `ende`, `vorles_beginn`, `vorles_ende`) VALUES ('cc448ebc6edf11b180d288629f5acdc3', 'SS 2005', '', '', 1112306400, 1128117599, 1113170400, 1121464799);

-- 
-- Daten für Tabelle `semester_holiday`
-- 

INSERT INTO `semester_holiday` (`holiday_id`, `semester_id`, `name`, `description`, `beginn`, `ende`) VALUES ('c121c20d8bfb2381274fad682f401999', '1', 'Weihnachtsferien 2004/2005', '', 1103324400, 1104706799);
