-- 
-- Daten für Tabelle `resources_assign`
-- 


REPLACE INTO `resources_assign` (`assign_id`, `resource_id`, `assign_user_id`, `user_free_name`, `begin`, `end`, `repeat_end`, `repeat_quantity`, `repeat_interval`, `repeat_month_of_year`, `repeat_day_of_month`, `repeat_week_of_month`, `repeat_day_of_week`, `mkdate`, `chdate`) VALUES ('301a5edc8ca8af58bb29a21911a9c9dc', '728f1578de643fb08b32b4b8afb2db77', 'cd5d1fd24986908913a90468e69bfed8', '', 1208160000, 1208167200, 1208167200, 0, 0, 0, 0, 0, 0, 1209392984, 1209392984);
REPLACE INTO `resources_assign` (`assign_id`, `resource_id`, `assign_user_id`, `user_free_name`, `begin`, `end`, `repeat_end`, `repeat_quantity`, `repeat_interval`, `repeat_month_of_year`, `repeat_day_of_month`, `repeat_week_of_month`, `repeat_day_of_week`, `mkdate`, `chdate`) VALUES ('2c19b5b1e1f1f645a48dbb6d904acb76', '728f1578de643fb08b32b4b8afb2db77', 'b60281c20ea0051dd883818651b0747f', '', 1208764800, 1208772000, 1208772000, 0, 0, 0, 0, 0, 0, 1209392984, 1209392984);
REPLACE INTO `resources_assign` (`assign_id`, `resource_id`, `assign_user_id`, `user_free_name`, `begin`, `end`, `repeat_end`, `repeat_quantity`, `repeat_interval`, `repeat_month_of_year`, `repeat_day_of_month`, `repeat_week_of_month`, `repeat_day_of_week`, `mkdate`, `chdate`) VALUES ('45e554144a0d8771c98c8e7d63714705', '728f1578de643fb08b32b4b8afb2db77', 'ac17a7e00fc07d61f599d8c173231332', '', 1209369600, 1209376800, 1209376800, 0, 0, 0, 0, 0, 0, 1209392984, 1209392984);
REPLACE INTO `resources_assign` (`assign_id`, `resource_id`, `assign_user_id`, `user_free_name`, `begin`, `end`, `repeat_end`, `repeat_quantity`, `repeat_interval`, `repeat_month_of_year`, `repeat_day_of_month`, `repeat_week_of_month`, `repeat_day_of_week`, `mkdate`, `chdate`) VALUES ('f8f821fa3cd7243a516413bb5c935659', '728f1578de643fb08b32b4b8afb2db77', 'b0cad48a381d86aba469ff72cc1e23e9', '', 1209974400, 1209981600, 1209981600, 0, 0, 0, 0, 0, 0, 1209392984, 1209392984);
REPLACE INTO `resources_assign` (`assign_id`, `resource_id`, `assign_user_id`, `user_free_name`, `begin`, `end`, `repeat_end`, `repeat_quantity`, `repeat_interval`, `repeat_month_of_year`, `repeat_day_of_month`, `repeat_week_of_month`, `repeat_day_of_week`, `mkdate`, `chdate`) VALUES ('fbbcf10b39c7fbb317d92144d0cf8dab', '728f1578de643fb08b32b4b8afb2db77', '680d98809b76b3b066f93a823e870ab2', '', 1211184000, 1211191200, 1211191200, 0, 0, 0, 0, 0, 0, 1209392984, 1209392984);
REPLACE INTO `resources_assign` (`assign_id`, `resource_id`, `assign_user_id`, `user_free_name`, `begin`, `end`, `repeat_end`, `repeat_quantity`, `repeat_interval`, `repeat_month_of_year`, `repeat_day_of_month`, `repeat_week_of_month`, `repeat_day_of_week`, `mkdate`, `chdate`) VALUES ('372b362bd1becd5a8a3c771800de69d2', '728f1578de643fb08b32b4b8afb2db77', 'cffd7ce5e224d39b7876cf2c3b51bc37', '', 1212393600, 1212400800, 1212400800, 0, 0, 0, 0, 0, 0, 1209392985, 1209392985);
REPLACE INTO `resources_assign` (`assign_id`, `resource_id`, `assign_user_id`, `user_free_name`, `begin`, `end`, `repeat_end`, `repeat_quantity`, `repeat_interval`, `repeat_month_of_year`, `repeat_day_of_month`, `repeat_week_of_month`, `repeat_day_of_week`, `mkdate`, `chdate`) VALUES ('13ae9c37842a27d3355fa752e25ae615', '728f1578de643fb08b32b4b8afb2db77', 'de9370d039bafbc3211ca06cf2d73ece', '', 1212998400, 1213005600, 1213005600, 0, 0, 0, 0, 0, 0, 1209392985, 1209392985);
REPLACE INTO `resources_assign` (`assign_id`, `resource_id`, `assign_user_id`, `user_free_name`, `begin`, `end`, `repeat_end`, `repeat_quantity`, `repeat_interval`, `repeat_month_of_year`, `repeat_day_of_month`, `repeat_week_of_month`, `repeat_day_of_week`, `mkdate`, `chdate`) VALUES ('1d8ca3fd2684a65668476943177aa3b4', '728f1578de643fb08b32b4b8afb2db77', '91fb35375357eb54cd501d0c357435e2', '', 1213603200, 1213610400, 1213610400, 0, 0, 0, 0, 0, 0, 1209392985, 1209392985);
REPLACE INTO `resources_assign` (`assign_id`, `resource_id`, `assign_user_id`, `user_free_name`, `begin`, `end`, `repeat_end`, `repeat_quantity`, `repeat_interval`, `repeat_month_of_year`, `repeat_day_of_month`, `repeat_week_of_month`, `repeat_day_of_week`, `mkdate`, `chdate`) VALUES ('afded05886360b15be9117dbec03740a', '728f1578de643fb08b32b4b8afb2db77', '02a074a8c26f47a9bbdc35b7779b89ab', '', 1214208000, 1214215200, 1214215200, 0, 0, 0, 0, 0, 0, 1209392985, 1209392985);
REPLACE INTO `resources_assign` (`assign_id`, `resource_id`, `assign_user_id`, `user_free_name`, `begin`, `end`, `repeat_end`, `repeat_quantity`, `repeat_interval`, `repeat_month_of_year`, `repeat_day_of_month`, `repeat_week_of_month`, `repeat_day_of_week`, `mkdate`, `chdate`) VALUES ('1f4f9b7dd8e81104d8f376d0826090d5', '728f1578de643fb08b32b4b8afb2db77', 'c19a15b2891c951539e35203e3bd3d5a', '', 1214812800, 1214820000, 1214820000, 0, 0, 0, 0, 0, 0, 1209392985, 1209392985);
REPLACE INTO `resources_assign` (`assign_id`, `resource_id`, `assign_user_id`, `user_free_name`, `begin`, `end`, `repeat_end`, `repeat_quantity`, `repeat_interval`, `repeat_month_of_year`, `repeat_day_of_month`, `repeat_week_of_month`, `repeat_day_of_week`, `mkdate`, `chdate`) VALUES ('d4406d25e5ebe2346edd9ab5046e7deb', '728f1578de643fb08b32b4b8afb2db77', '99254111a5051c1b2f6fbbad1ab5f7f8', '', 1215417600, 1215424800, 1215424800, 0, 0, 0, 0, 0, 0, 1209392985, 1209392985);
REPLACE INTO `resources_assign` (`assign_id`, `resource_id`, `assign_user_id`, `user_free_name`, `begin`, `end`, `repeat_end`, `repeat_quantity`, `repeat_interval`, `repeat_month_of_year`, `repeat_day_of_month`, `repeat_week_of_month`, `repeat_day_of_week`, `mkdate`, `chdate`) VALUES ('8faf96c56ef53dfea0e76970ad53b436', '51ad4b7100d3a8a1db61c7b099f052a6', 'a69309d995d1d8e2af2ffe1dda763b58', '', 1208347200, 1208354400, 1208354400, 0, 0, 0, 0, 0, 0, 1209392995, 1209392995);
REPLACE INTO `resources_assign` (`assign_id`, `resource_id`, `assign_user_id`, `user_free_name`, `begin`, `end`, `repeat_end`, `repeat_quantity`, `repeat_interval`, `repeat_month_of_year`, `repeat_day_of_month`, `repeat_week_of_month`, `repeat_day_of_week`, `mkdate`, `chdate`) VALUES ('1c7eaad8489fcbd58c74c356f459bf15', '51ad4b7100d3a8a1db61c7b099f052a6', '0448fd63b9a7f536dd1f8dd549241c9e', '', 1208952000, 1208959200, 1208959200, 0, 0, 0, 0, 0, 0, 1209392996, 1209392996);
REPLACE INTO `resources_assign` (`assign_id`, `resource_id`, `assign_user_id`, `user_free_name`, `begin`, `end`, `repeat_end`, `repeat_quantity`, `repeat_interval`, `repeat_month_of_year`, `repeat_day_of_month`, `repeat_week_of_month`, `repeat_day_of_week`, `mkdate`, `chdate`) VALUES ('73612b856e6bf097b4c23e8522287781', '51ad4b7100d3a8a1db61c7b099f052a6', '09de452d71aa1d442a88fb756d5bcc28', '', 1209556800, 1209564000, 1209564000, 0, 0, 0, 0, 0, 0, 1209392996, 1209392996);
REPLACE INTO `resources_assign` (`assign_id`, `resource_id`, `assign_user_id`, `user_free_name`, `begin`, `end`, `repeat_end`, `repeat_quantity`, `repeat_interval`, `repeat_month_of_year`, `repeat_day_of_month`, `repeat_week_of_month`, `repeat_day_of_week`, `mkdate`, `chdate`) VALUES ('ed52a1c28a4943b0d7b795beb2d613ba', '51ad4b7100d3a8a1db61c7b099f052a6', 'f347f5b353fda5c83fb77d2cc115b11d', '', 1210161600, 1210168800, 1210168800, 0, 0, 0, 0, 0, 0, 1209392996, 1209392996);
REPLACE INTO `resources_assign` (`assign_id`, `resource_id`, `assign_user_id`, `user_free_name`, `begin`, `end`, `repeat_end`, `repeat_quantity`, `repeat_interval`, `repeat_month_of_year`, `repeat_day_of_month`, `repeat_week_of_month`, `repeat_day_of_week`, `mkdate`, `chdate`) VALUES ('5b5e894a428d704c84323c7fe4d791c5', '51ad4b7100d3a8a1db61c7b099f052a6', '2b7a92a75dce7ce4d2f504cfbeb46bd7', '', 1210766400, 1210773600, 1210773600, 0, 0, 0, 0, 0, 0, 1209392996, 1209392996);
REPLACE INTO `resources_assign` (`assign_id`, `resource_id`, `assign_user_id`, `user_free_name`, `begin`, `end`, `repeat_end`, `repeat_quantity`, `repeat_interval`, `repeat_month_of_year`, `repeat_day_of_month`, `repeat_week_of_month`, `repeat_day_of_week`, `mkdate`, `chdate`) VALUES ('1ce47a6390c7d7fb1669de9a9d9e2a56', '51ad4b7100d3a8a1db61c7b099f052a6', 'e95bab6b6a892d95efb64012210d7bef', '', 1211371200, 1211378400, 1211378400, 0, 0, 0, 0, 0, 0, 1209392996, 1209392996);
REPLACE INTO `resources_assign` (`assign_id`, `resource_id`, `assign_user_id`, `user_free_name`, `begin`, `end`, `repeat_end`, `repeat_quantity`, `repeat_interval`, `repeat_month_of_year`, `repeat_day_of_month`, `repeat_week_of_month`, `repeat_day_of_week`, `mkdate`, `chdate`) VALUES ('86cd9e28fafdd3a1dad2ac608cebafb1', '51ad4b7100d3a8a1db61c7b099f052a6', '19a8cc0ea6fbd523b06c2a1519a26eda', '', 1211976000, 1211983200, 1211983200, 0, 0, 0, 0, 0, 0, 1209392996, 1209392996);
REPLACE INTO `resources_assign` (`assign_id`, `resource_id`, `assign_user_id`, `user_free_name`, `begin`, `end`, `repeat_end`, `repeat_quantity`, `repeat_interval`, `repeat_month_of_year`, `repeat_day_of_month`, `repeat_week_of_month`, `repeat_day_of_week`, `mkdate`, `chdate`) VALUES ('5abbd28c8abd4b9ddaca1191ddc332db', '51ad4b7100d3a8a1db61c7b099f052a6', '8a0aa065b545c561e5751469dfd4a86d', '', 1212580800, 1212588000, 1212588000, 0, 0, 0, 0, 0, 0, 1209392996, 1209392996);
REPLACE INTO `resources_assign` (`assign_id`, `resource_id`, `assign_user_id`, `user_free_name`, `begin`, `end`, `repeat_end`, `repeat_quantity`, `repeat_interval`, `repeat_month_of_year`, `repeat_day_of_month`, `repeat_week_of_month`, `repeat_day_of_week`, `mkdate`, `chdate`) VALUES ('b4344a68c2e69fa23b0824e878c4b3ce', '51ad4b7100d3a8a1db61c7b099f052a6', '71803ed7079f01b0eee5d19d3556901d', '', 1213185600, 1213192800, 1213192800, 0, 0, 0, 0, 0, 0, 1209392996, 1209392996);
REPLACE INTO `resources_assign` (`assign_id`, `resource_id`, `assign_user_id`, `user_free_name`, `begin`, `end`, `repeat_end`, `repeat_quantity`, `repeat_interval`, `repeat_month_of_year`, `repeat_day_of_month`, `repeat_week_of_month`, `repeat_day_of_week`, `mkdate`, `chdate`) VALUES ('121a1f6de6c8e0a0a765db18790e8da8', '51ad4b7100d3a8a1db61c7b099f052a6', '6e44164f898d83fba276437167c7b367', '', 1213790400, 1213797600, 1213797600, 0, 0, 0, 0, 0, 0, 1209392996, 1209392996);
REPLACE INTO `resources_assign` (`assign_id`, `resource_id`, `assign_user_id`, `user_free_name`, `begin`, `end`, `repeat_end`, `repeat_quantity`, `repeat_interval`, `repeat_month_of_year`, `repeat_day_of_month`, `repeat_week_of_month`, `repeat_day_of_week`, `mkdate`, `chdate`) VALUES ('ccb7eeb32112f31277202b8bb58ccf55', '51ad4b7100d3a8a1db61c7b099f052a6', 'b31fc9df796e5d29dee2be724e8b74e7', '', 1214395200, 1214402400, 1214402400, 0, 0, 0, 0, 0, 0, 1209392996, 1209392996);
REPLACE INTO `resources_assign` (`assign_id`, `resource_id`, `assign_user_id`, `user_free_name`, `begin`, `end`, `repeat_end`, `repeat_quantity`, `repeat_interval`, `repeat_month_of_year`, `repeat_day_of_month`, `repeat_week_of_month`, `repeat_day_of_week`, `mkdate`, `chdate`) VALUES ('1bf2fc626019ba469f26fb6cd428b5be', '51ad4b7100d3a8a1db61c7b099f052a6', 'f4a977e4a1a00e2497dc596e39853003', '', 1215000000, 1215007200, 1215007200, 0, 0, 0, 0, 0, 0, 1209392996, 1209392996);
REPLACE INTO `resources_assign` (`assign_id`, `resource_id`, `assign_user_id`, `user_free_name`, `begin`, `end`, `repeat_end`, `repeat_quantity`, `repeat_interval`, `repeat_month_of_year`, `repeat_day_of_month`, `repeat_week_of_month`, `repeat_day_of_week`, `mkdate`, `chdate`) VALUES ('5bcff2744d90efb03fa7a1bf4ab80650', '51ad4b7100d3a8a1db61c7b099f052a6', 'bc63a167f4ffeae5a5e9cd002017071d', '', 1215604800, 1215612000, 1215612000, 0, 0, 0, 0, 0, 0, 1209392996, 1209392996);

-- 
-- Daten für Tabelle `resources_objects`
-- 

REPLACE INTO `resources_objects` (`resource_id`, `root_id`, `parent_id`, `category_id`, `owner_id`, `institut_id`, `level`, `name`, `description`, `lockable`, `multiple_assign`, `mkdate`, `chdate`) VALUES ('0ff09e4f5a729981e978d970f9d970cb', '0ff09e4f5a729981e978d970f9d970cb', '0', '', '76ed43ef286fb55cf9e41beadb484a9f', '', 0, 'Gebäude', '', 0, 0, 1084640001, 1084640009);
REPLACE INTO `resources_objects` (`resource_id`, `root_id`, `parent_id`, `category_id`, `owner_id`, `institut_id`, `level`, `name`, `description`, `lockable`, `multiple_assign`, `mkdate`, `chdate`) VALUES ('f37cbb74e9c9a8a0539bac1f3d6c1e96', 'f37cbb74e9c9a8a0539bac1f3d6c1e96', '0', '', '76ed43ef286fb55cf9e41beadb484a9f', '', 0, 'Geräte', 'Dieses Objekt kennzeichnet eine Hierachie und kann jederzeit in eine Ressource umgewandelt werden', 0, 0, 1084640011, 1084640036);
REPLACE INTO `resources_objects` (`resource_id`, `root_id`, `parent_id`, `category_id`, `owner_id`, `institut_id`, `level`, `name`, `description`, `lockable`, `multiple_assign`, `mkdate`, `chdate`) VALUES ('8a57860ca2be4cc3a77c06c1d346ea57', '0ff09e4f5a729981e978d970f9d970cb', '0ff09e4f5a729981e978d970f9d970cb', '3cbcc99c39476b8e2c8eef5381687461', '76ed43ef286fb55cf9e41beadb484a9f', '', 1, 'Hörsaalgebäude', 'Dieses Objekt wurde neu erstellt. Es wurden noch keine Eigenschaften zugewiesen.', 0, 1, 1084640042, 1084640452);
REPLACE INTO `resources_objects` (`resource_id`, `root_id`, `parent_id`, `category_id`, `owner_id`, `institut_id`, `level`, `name`, `description`, `lockable`, `multiple_assign`, `mkdate`, `chdate`) VALUES ('6350c6ae2ec6fd8bd852d505789d0666', '0ff09e4f5a729981e978d970f9d970cb', '0ff09e4f5a729981e978d970f9d970cb', '3cbcc99c39476b8e2c8eef5381687461', '76ed43ef286fb55cf9e41beadb484a9f', '', 1, 'Übungsgebäude', 'Dieses Objekt wurde neu erstellt. Es wurden noch keine Eigenschaften zugewiesen.', 0, 1, 1084640386, 1084640429);
REPLACE INTO `resources_objects` (`resource_id`, `root_id`, `parent_id`, `category_id`, `owner_id`, `institut_id`, `level`, `name`, `description`, `lockable`, `multiple_assign`, `mkdate`, `chdate`) VALUES ('728f1578de643fb08b32b4b8afb2db77', '0ff09e4f5a729981e978d970f9d970cb', '8a57860ca2be4cc3a77c06c1d346ea57', '85d62e2a8a87a2924db8fc4ed3fde09d', '76ed43ef286fb55cf9e41beadb484a9f', '', 2, 'Hörsaal 1', 'Dieses Objekt wurde neu erstellt. Es wurden noch keine Eigenschaften zugewiesen.', 0, 0, 1084640456, 1084640468);
REPLACE INTO `resources_objects` (`resource_id`, `root_id`, `parent_id`, `category_id`, `owner_id`, `institut_id`, `level`, `name`, `description`, `lockable`, `multiple_assign`, `mkdate`, `chdate`) VALUES ('b17c4ea6e053f2fffba8a5517fc277b3', '0ff09e4f5a729981e978d970f9d970cb', '8a57860ca2be4cc3a77c06c1d346ea57', '85d62e2a8a87a2924db8fc4ed3fde09d', '76ed43ef286fb55cf9e41beadb484a9f', '', 2, 'Hörsaal 2', 'Dieses Objekt wurde neu erstellt. Es wurden noch keine Eigenschaften zugewiesen.', 0, 0, 1084640520, 1084640528);
REPLACE INTO `resources_objects` (`resource_id`, `root_id`, `parent_id`, `category_id`, `owner_id`, `institut_id`, `level`, `name`, `description`, `lockable`, `multiple_assign`, `mkdate`, `chdate`) VALUES ('2f98bf64830043fd98a39fbbe2068678', '0ff09e4f5a729981e978d970f9d970cb', '8a57860ca2be4cc3a77c06c1d346ea57', '85d62e2a8a87a2924db8fc4ed3fde09d', '76ed43ef286fb55cf9e41beadb484a9f', '', 2, 'Hörsaal 3', 'Dieses Objekt wurde neu erstellt. Es wurden noch keine Eigenschaften zugewiesen.', 0, 0, 1084640542, 1084640555);
REPLACE INTO `resources_objects` (`resource_id`, `root_id`, `parent_id`, `category_id`, `owner_id`, `institut_id`, `level`, `name`, `description`, `lockable`, `multiple_assign`, `mkdate`, `chdate`) VALUES ('51ad4b7100d3a8a1db61c7b099f052a6', '0ff09e4f5a729981e978d970f9d970cb', '6350c6ae2ec6fd8bd852d505789d0666', '5a72dfe3f0c0295a8fe4e12c86d4c8f4', '76ed43ef286fb55cf9e41beadb484a9f', '', 2, 'Seminarraum 1', 'Dieses Objekt wurde neu erstellt. Es wurden noch keine Eigenschaften zugewiesen.', 0, 0, 1084640567, 1084640578);
REPLACE INTO `resources_objects` (`resource_id`, `root_id`, `parent_id`, `category_id`, `owner_id`, `institut_id`, `level`, `name`, `description`, `lockable`, `multiple_assign`, `mkdate`, `chdate`) VALUES ('a8c03520e8ad9dc90fb2d161ffca7d7b', '0ff09e4f5a729981e978d970f9d970cb', '6350c6ae2ec6fd8bd852d505789d0666', '5a72dfe3f0c0295a8fe4e12c86d4c8f4', '76ed43ef286fb55cf9e41beadb484a9f', '', 2, 'Seminarraum 2', 'Dieses Objekt wurde neu erstellt. Es wurden noch keine Eigenschaften zugewiesen.', 0, 0, 1084640590, 1084640599);
REPLACE INTO `resources_objects` (`resource_id`, `root_id`, `parent_id`, `category_id`, `owner_id`, `institut_id`, `level`, `name`, `description`, `lockable`, `multiple_assign`, `mkdate`, `chdate`) VALUES ('5ead77812be3b601e2f08ed5da4c5630', '0ff09e4f5a729981e978d970f9d970cb', '6350c6ae2ec6fd8bd852d505789d0666', '5a72dfe3f0c0295a8fe4e12c86d4c8f4', '76ed43ef286fb55cf9e41beadb484a9f', '', 2, 'Seminarraum 3', 'Dieses Objekt wurde neu erstellt. Es wurden noch keine Eigenschaften zugewiesen.', 0, 0, 1084640611, 1084723704);
REPLACE INTO `resources_objects` (`resource_id`, `root_id`, `parent_id`, `category_id`, `owner_id`, `institut_id`, `level`, `name`, `description`, `lockable`, `multiple_assign`, `mkdate`, `chdate`) VALUES ('52b435cbdd021bcc5cd78835de2b4f57', 'f37cbb74e9c9a8a0539bac1f3d6c1e96', 'f37cbb74e9c9a8a0539bac1f3d6c1e96', 'f3351baeca8776d4ffe4b672f568cbed', '76ed43ef286fb55cf9e41beadb484a9f', '', 1, 'Beamer', 'Dieses Objekt wurde neu erstellt. Es wurden noch keine Eigenschaften zugewiesen.', 0, 0, 1084640739, 1084640748);
REPLACE INTO `resources_objects` (`resource_id`, `root_id`, `parent_id`, `category_id`, `owner_id`, `institut_id`, `level`, `name`, `description`, `lockable`, `multiple_assign`, `mkdate`, `chdate`) VALUES ('ffacb5f74be406a524a380f1c135ee02', 'f37cbb74e9c9a8a0539bac1f3d6c1e96', 'f37cbb74e9c9a8a0539bac1f3d6c1e96', 'f3351baeca8776d4ffe4b672f568cbed', '76ed43ef286fb55cf9e41beadb484a9f', '', 1, 'Tageslichtprojektor', 'Dieses Objekt wurde neu erstellt. Es wurden noch keine Eigenschaften zugewiesen.', 0, 0, 1084640761, 1084640778);

-- 
-- Daten für Tabelle `resources_objects_properties`
-- 

REPLACE INTO `resources_objects_properties` (`resource_id`, `property_id`, `state`) VALUES ('6350c6ae2ec6fd8bd852d505789d0666', 'c4f13691419a6c12d38ad83daa926c7c', 'Liebigstr. 1');
REPLACE INTO `resources_objects_properties` (`resource_id`, `property_id`, `state`) VALUES ('6350c6ae2ec6fd8bd852d505789d0666', 'b79b77f40706ed598f5403f953c1f791', 'on');
REPLACE INTO `resources_objects_properties` (`resource_id`, `property_id`, `state`) VALUES ('8a57860ca2be4cc3a77c06c1d346ea57', 'c4f13691419a6c12d38ad83daa926c7c', 'Universitätsstr. 1');
REPLACE INTO `resources_objects_properties` (`resource_id`, `property_id`, `state`) VALUES ('8a57860ca2be4cc3a77c06c1d346ea57', 'b79b77f40706ed598f5403f953c1f791', 'on');
REPLACE INTO `resources_objects_properties` (`resource_id`, `property_id`, `state`) VALUES ('728f1578de643fb08b32b4b8afb2db77', '44fd30e8811d0d962582fa1a9c452bdd', '500');
REPLACE INTO `resources_objects_properties` (`resource_id`, `property_id`, `state`) VALUES ('728f1578de643fb08b32b4b8afb2db77', '7c1a8f6001cfdcb9e9c33eeee0ef343d', 'on');
REPLACE INTO `resources_objects_properties` (`resource_id`, `property_id`, `state`) VALUES ('728f1578de643fb08b32b4b8afb2db77', 'b79b77f40706ed598f5403f953c1f791', 'on');
REPLACE INTO `resources_objects_properties` (`resource_id`, `property_id`, `state`) VALUES ('728f1578de643fb08b32b4b8afb2db77', '613cfdf6aa1072e21a1edfcfb0445c69', 'on');
REPLACE INTO `resources_objects_properties` (`resource_id`, `property_id`, `state`) VALUES ('728f1578de643fb08b32b4b8afb2db77', 'afb8675e2257c03098aa34b2893ba686', 'on');
REPLACE INTO `resources_objects_properties` (`resource_id`, `property_id`, `state`) VALUES ('728f1578de643fb08b32b4b8afb2db77', '1f8cef2b614382e36eaa4a29f6027edf', 'on');
REPLACE INTO `resources_objects_properties` (`resource_id`, `property_id`, `state`) VALUES ('728f1578de643fb08b32b4b8afb2db77', '28addfe18e86cc3587205734c8bc2372', 'on');
REPLACE INTO `resources_objects_properties` (`resource_id`, `property_id`, `state`) VALUES ('b17c4ea6e053f2fffba8a5517fc277b3', '44fd30e8811d0d962582fa1a9c452bdd', '150');
REPLACE INTO `resources_objects_properties` (`resource_id`, `property_id`, `state`) VALUES ('b17c4ea6e053f2fffba8a5517fc277b3', '7c1a8f6001cfdcb9e9c33eeee0ef343d', 'on');
REPLACE INTO `resources_objects_properties` (`resource_id`, `property_id`, `state`) VALUES ('b17c4ea6e053f2fffba8a5517fc277b3', 'b79b77f40706ed598f5403f953c1f791', 'on');
REPLACE INTO `resources_objects_properties` (`resource_id`, `property_id`, `state`) VALUES ('b17c4ea6e053f2fffba8a5517fc277b3', '28addfe18e86cc3587205734c8bc2372', '');
REPLACE INTO `resources_objects_properties` (`resource_id`, `property_id`, `state`) VALUES ('2f98bf64830043fd98a39fbbe2068678', '44fd30e8811d0d962582fa1a9c452bdd', '25');
REPLACE INTO `resources_objects_properties` (`resource_id`, `property_id`, `state`) VALUES ('2f98bf64830043fd98a39fbbe2068678', 'b79b77f40706ed598f5403f953c1f791', 'on');
REPLACE INTO `resources_objects_properties` (`resource_id`, `property_id`, `state`) VALUES ('2f98bf64830043fd98a39fbbe2068678', '613cfdf6aa1072e21a1edfcfb0445c69', 'on');
REPLACE INTO `resources_objects_properties` (`resource_id`, `property_id`, `state`) VALUES ('2f98bf64830043fd98a39fbbe2068678', '28addfe18e86cc3587205734c8bc2372', 'on');
REPLACE INTO `resources_objects_properties` (`resource_id`, `property_id`, `state`) VALUES ('51ad4b7100d3a8a1db61c7b099f052a6', '44fd30e8811d0d962582fa1a9c452bdd', '25');
REPLACE INTO `resources_objects_properties` (`resource_id`, `property_id`, `state`) VALUES ('51ad4b7100d3a8a1db61c7b099f052a6', '613cfdf6aa1072e21a1edfcfb0445c69', 'on');
REPLACE INTO `resources_objects_properties` (`resource_id`, `property_id`, `state`) VALUES ('51ad4b7100d3a8a1db61c7b099f052a6', 'afb8675e2257c03098aa34b2893ba686', 'on');
REPLACE INTO `resources_objects_properties` (`resource_id`, `property_id`, `state`) VALUES ('51ad4b7100d3a8a1db61c7b099f052a6', '28addfe18e86cc3587205734c8bc2372', 'on');
REPLACE INTO `resources_objects_properties` (`resource_id`, `property_id`, `state`) VALUES ('a8c03520e8ad9dc90fb2d161ffca7d7b', '44fd30e8811d0d962582fa1a9c452bdd', '30');
REPLACE INTO `resources_objects_properties` (`resource_id`, `property_id`, `state`) VALUES ('a8c03520e8ad9dc90fb2d161ffca7d7b', '7c1a8f6001cfdcb9e9c33eeee0ef343d', 'on');
REPLACE INTO `resources_objects_properties` (`resource_id`, `property_id`, `state`) VALUES ('a8c03520e8ad9dc90fb2d161ffca7d7b', 'b79b77f40706ed598f5403f953c1f791', 'on');
REPLACE INTO `resources_objects_properties` (`resource_id`, `property_id`, `state`) VALUES ('a8c03520e8ad9dc90fb2d161ffca7d7b', '613cfdf6aa1072e21a1edfcfb0445c69', 'on');
REPLACE INTO `resources_objects_properties` (`resource_id`, `property_id`, `state`) VALUES ('a8c03520e8ad9dc90fb2d161ffca7d7b', 'afb8675e2257c03098aa34b2893ba686', 'on');
REPLACE INTO `resources_objects_properties` (`resource_id`, `property_id`, `state`) VALUES ('a8c03520e8ad9dc90fb2d161ffca7d7b', '28addfe18e86cc3587205734c8bc2372', 'on');
REPLACE INTO `resources_objects_properties` (`resource_id`, `property_id`, `state`) VALUES ('5ead77812be3b601e2f08ed5da4c5630', '44fd30e8811d0d962582fa1a9c452bdd', '15');
REPLACE INTO `resources_objects_properties` (`resource_id`, `property_id`, `state`) VALUES ('5ead77812be3b601e2f08ed5da4c5630', 'afb8675e2257c03098aa34b2893ba686', 'on');
REPLACE INTO `resources_objects_properties` (`resource_id`, `property_id`, `state`) VALUES ('5ead77812be3b601e2f08ed5da4c5630', '1f8cef2b614382e36eaa4a29f6027edf', 'on');
REPLACE INTO `resources_objects_properties` (`resource_id`, `property_id`, `state`) VALUES ('52b435cbdd021bcc5cd78835de2b4f57', 'c4352a580051a81830ef5980941c9e06', '123456789');
REPLACE INTO `resources_objects_properties` (`resource_id`, `property_id`, `state`) VALUES ('52b435cbdd021bcc5cd78835de2b4f57', 'cb8140efbc2af5362b1159c65deeec9e', 'Sony');
REPLACE INTO `resources_objects_properties` (`resource_id`, `property_id`, `state`) VALUES ('52b435cbdd021bcc5cd78835de2b4f57', '39c73942e1c1650fa20c7259be96b3f3', '123132dffd5');
REPLACE INTO `resources_objects_properties` (`resource_id`, `property_id`, `state`) VALUES ('ffacb5f74be406a524a380f1c135ee02', 'c4352a580051a81830ef5980941c9e06', '225566');
REPLACE INTO `resources_objects_properties` (`resource_id`, `property_id`, `state`) VALUES ('ffacb5f74be406a524a380f1c135ee02', 'cb8140efbc2af5362b1159c65deeec9e', 'Telefunken');
REPLACE INTO `resources_objects_properties` (`resource_id`, `property_id`, `state`) VALUES ('ffacb5f74be406a524a380f1c135ee02', '39c73942e1c1650fa20c7259be96b3f3', 'wwqw');
REPLACE INTO `resources_objects_properties` (`resource_id`, `property_id`, `state`) VALUES ('5ead77812be3b601e2f08ed5da4c5630', '28addfe18e86cc3587205734c8bc2372', '');


