-- 
-- Daten für Tabelle `auth_user_md5`
-- 

INSERT IGNORE INTO `auth_user_md5` (`user_id`, `username`, `password`, `perms`, `Vorname`, `Nachname`, `Email`, `auth_plugin`) VALUES ('76ed43ef286fb55cf9e41beadb484a9f', 'root@studip', 'ae2b1fca515949e5d54fb22b8ed95575', 'root', 'Root', 'Studip', 'root@localhost', NULL);
INSERT IGNORE INTO `auth_user_md5` (`user_id`, `username`, `password`, `perms`, `Vorname`, `Nachname`, `Email`, `auth_plugin`) VALUES ('205f3efb7997a0fc9755da2b535038da', 'test_dozent', 'ae2b1fca515949e5d54fb22b8ed95575', 'dozent', 'Testaccount', 'Dozent', 'dozent@studip.de', NULL);
INSERT IGNORE INTO `auth_user_md5` (`user_id`, `username`, `password`, `perms`, `Vorname`, `Nachname`, `Email`, `auth_plugin`) VALUES ('6235c46eb9e962866ebdceece739ace5', 'test_admin', 'ae2b1fca515949e5d54fb22b8ed95575', 'admin', 'Testaccount', 'Admin', 'admin@studip.de', NULL);
INSERT IGNORE INTO `auth_user_md5` (`user_id`, `username`, `password`, `perms`, `Vorname`, `Nachname`, `Email`, `auth_plugin`) VALUES ('7e81ec247c151c02ffd479511e24cc03', 'test_tutor', 'ae2b1fca515949e5d54fb22b8ed95575', 'tutor', 'Testaccount', 'Tutor', 'tutor@studip.de', NULL);
INSERT IGNORE INTO `auth_user_md5` (`user_id`, `username`, `password`, `perms`, `Vorname`, `Nachname`, `Email`, `auth_plugin`) VALUES ('e7a0a84b161f3e8c09b4a0a2e8a58147', 'test_autor', 'ae2b1fca515949e5d54fb22b8ed95575', 'autor', 'Testaccount', 'Autor', 'autor@studip.de', NULL);

-- 
-- Daten für Tabelle `dokumente`
-- 

INSERT IGNORE INTO `dokumente` (`dokument_id`, `range_id`, `user_id`, `seminar_id`, `name`, `description`, `filename`, `mkdate`, `chdate`, `filesize`, `autor_host`, `downloads`, `url`, `protected`) VALUES ('c51a12e44c667b370fe2c497fbfc3c21', '823b5c771f17d4103b1828251c29a7cb', '76ed43ef286fb55cf9e41beadb484a9f', '834499e2b8a2cd71637890e5de31cba3', 'Stud.IP-Produktbroschüre im PDF-Format', '', 'studip_broschuere.pdf', 1084782809, 1084782809, 295294, '217.94.188.5', 2, 'http://www.studip.de/download/studip_broschuere.pdf', 0);

-- 
-- Daten für Tabelle `folder`
-- 

INSERT IGNORE INTO `folder` (`folder_id`, `range_id`, `user_id`, `name`, `description`, `mkdate`, `chdate`) VALUES ('dad53cd0f0d9f36817c3c9c7c124bda3', 'ec2e364b28357106c0f8c282733dbe56', '', 'Allgemeiner Dateiordner', 'Ablage für allgemeine Ordner und Dokumente der Einrichtung', 1084723039, 1084723039);
INSERT IGNORE INTO `folder` (`folder_id`, `range_id`, `user_id`, `name`, `description`, `mkdate`, `chdate`) VALUES ('b58081c411c76814bc8f78425fb2ab81', '7a4f19a0a2c321ab2b8f7b798881af7c', '', 'Allgemeiner Dateiordner', 'Ablage für allgemeine Ordner und Dokumente der Einrichtung', 1084723053, 1084723053);
INSERT IGNORE INTO `folder` (`folder_id`, `range_id`, `user_id`, `name`, `description`, `mkdate`, `chdate`) VALUES ('694cdcef09c2b8e70a7313b028e36fb6', '110ce78ffefaf1e5f167cd7019b728bf', '', 'Allgemeiner Dateiordner', 'Ablage für allgemeine Ordner und Dokumente der Einrichtung', 1084723061, 1084723061);
INSERT IGNORE INTO `folder` (`folder_id`, `range_id`, `user_id`, `name`, `description`, `mkdate`, `chdate`) VALUES ('823b5c771f17d4103b1828251c29a7cb', '834499e2b8a2cd71637890e5de31cba3', '76ed43ef286fb55cf9e41beadb484a9f', 'Allgemeiner Dateiordner', 'Ablage für allgemeine Ordner und Dokumente der Veranstaltung', 1084723361, 1084723361);

-- 
-- Daten für Tabelle `Institute`
-- 

INSERT IGNORE INTO `Institute` (`Institut_id`, `Name`, `fakultaets_id`, `Strasse`, `Plz`, `url`, `telefon`, `email`, `fax`, `type`, `modules`, `mkdate`, `chdate`, `lit_plugin_name`, `srienabled`) VALUES ('1535795b0d6ddecac6813f5f6ac47ef2', 'Test Fakultät', '1535795b0d6ddecac6813f5f6ac47ef2', 'Geismar Landstr. 17b', '37083 Göttingen', 'http://www.studip.de', '0551 / 381 985 0', 'testfakultaet@studip.de', '0551 / 381 985 3', 1, 243, 1084638861, 1084638861, 'Studip', 0);
INSERT IGNORE INTO `Institute` (`Institut_id`, `Name`, `fakultaets_id`, `Strasse`, `Plz`, `url`, `telefon`, `email`, `fax`, `type`, `modules`, `mkdate`, `chdate`, `lit_plugin_name`, `srienabled`) VALUES ('2560f7c7674942a7dce8eeb238e15d93', 'Test Einrichtung', '1535795b0d6ddecac6813f5f6ac47ef2', '', '', '', '', '', '', 1, 243, 1084638891, 1084638891, 'Studip', 0);
INSERT IGNORE INTO `Institute` (`Institut_id`, `Name`, `fakultaets_id`, `Strasse`, `Plz`, `url`, `telefon`, `email`, `fax`, `type`, `modules`, `mkdate`, `chdate`, `lit_plugin_name`, `srienabled`) VALUES ('536249daa596905f433e1f73578019db', 'Test Lehrstuhl', '1535795b0d6ddecac6813f5f6ac47ef2', '', '', '', '', '', '', 3, 243, 1084638912, 1084638912, 'Studip', 0);
INSERT IGNORE INTO `Institute` (`Institut_id`, `Name`, `fakultaets_id`, `Strasse`, `Plz`, `url`, `telefon`, `email`, `fax`, `type`, `modules`, `mkdate`, `chdate`, `lit_plugin_name`, `srienabled`) VALUES ('f02e2b17bc0e99fc885da6ac4c2532dc', 'Test Abteilung', '1535795b0d6ddecac6813f5f6ac47ef2', '', '', '', '', '', '', 4, 243, 1084638945, 1084638945, 'Studip', 0);
INSERT IGNORE INTO `Institute` (`Institut_id`, `Name`, `fakultaets_id`, `Strasse`, `Plz`, `url`, `telefon`, `email`, `fax`, `type`, `modules`, `mkdate`, `chdate`, `lit_plugin_name`, `srienabled`) VALUES ('ec2e364b28357106c0f8c282733dbe56', 'externe Bildungseinrichtungen', 'ec2e364b28357106c0f8c282733dbe56', '', '', '', '', '', '', 1, 243, 1084723039, 1084723679, 'Studip', 0);
INSERT IGNORE INTO `Institute` (`Institut_id`, `Name`, `fakultaets_id`, `Strasse`, `Plz`, `url`, `telefon`, `email`, `fax`, `type`, `modules`, `mkdate`, `chdate`, `lit_plugin_name`, `srienabled`) VALUES ('7a4f19a0a2c321ab2b8f7b798881af7c', 'externe Einrichtung A', 'ec2e364b28357106c0f8c282733dbe56', '', '', '', '', '', '', 1, 243, 1084723053, 1084723651, 'Studip', 0);
INSERT IGNORE INTO `Institute` (`Institut_id`, `Name`, `fakultaets_id`, `Strasse`, `Plz`, `url`, `telefon`, `email`, `fax`, `type`, `modules`, `mkdate`, `chdate`, `lit_plugin_name`, `srienabled`) VALUES ('110ce78ffefaf1e5f167cd7019b728bf', 'externe Einrichtung B', 'ec2e364b28357106c0f8c282733dbe56', '', '', '', '', '', '', 1, 243, 1084723061, 1084723661, 'Studip', 0);

-- 
-- Daten für Tabelle `lit_catalog`
-- 

INSERT IGNORE INTO `lit_catalog` (`catalog_id`, `user_id`, `mkdate`, `chdate`, `lit_plugin`, `accession_number`, `dc_title`, `dc_creator`, `dc_subject`, `dc_description`, `dc_publisher`, `dc_contributor`, `dc_date`, `dc_type`, `dc_format`, `dc_identifier`, `dc_source`, `dc_language`, `dc_relation`, `dc_coverage`, `dc_rights`) VALUES ('54181f281faa777941acc252aebaf26d', 'studip', 1084723443, 1084723443, 'Gvk', '387042768', 'Quickguide Strahlenschutz : [Aufgaben, Organisation, Schutzmaßnahmen].', 'Wolf, Heike', '', '', 'Kissing : WEKA Media', '', '2004-01-01', '', '74 S : Ill.', '', '', 'ger', '[Der Strahlenschutzbeauftragte in Medizin und Technik / Heike Wolf] Praxislösungen', '', '');
INSERT IGNORE INTO `lit_catalog` (`catalog_id`, `user_id`, `mkdate`, `chdate`, `lit_plugin`, `accession_number`, `dc_title`, `dc_creator`, `dc_subject`, `dc_description`, `dc_publisher`, `dc_contributor`, `dc_date`, `dc_type`, `dc_format`, `dc_identifier`, `dc_source`, `dc_language`, `dc_relation`, `dc_coverage`, `dc_rights`) VALUES ('d6623a3c2b8285fb472aa759150148ad', 'studip', 1084723444, 1084723444, 'Gvk', '387042253', 'Röntgenverordnung : (RÖV) ; Verordnung über den Schutz vor Schäden durch Röntgenstrahlen.', 'Wolf, Heike', '', '', 'Kissing : WEKA Media', '', '2004-01-01', '', '50 S.', '', '', 'ger', '[Der Strahlenschutzbeauftragte in Medizin und Technik / Heike Wolf] Praxislösungen', '', '');
INSERT IGNORE INTO `lit_catalog` (`catalog_id`, `user_id`, `mkdate`, `chdate`, `lit_plugin`, `accession_number`, `dc_title`, `dc_creator`, `dc_subject`, `dc_description`, `dc_publisher`, `dc_contributor`, `dc_date`, `dc_type`, `dc_format`, `dc_identifier`, `dc_source`, `dc_language`, `dc_relation`, `dc_coverage`, `dc_rights`) VALUES ('15074ad4f2bd2c57cbc9dfb343c1355b', 'studip', 1084723457, 1084723457, 'Gvk', '384065813', 'Der Kater mit Hut', 'Geisel, Theodor Seuss', '', '', 'München [u.a.] : Piper', '', '2004-01-01', '', '75 S : zahlr. Ill ; 19 cm.', 'ISBN: 349224078X (kart.)', '', 'ger', 'Serie Piper ;, 4078', '', '');
INSERT IGNORE INTO `lit_catalog` (`catalog_id`, `user_id`, `mkdate`, `chdate`, `lit_plugin`, `accession_number`, `dc_title`, `dc_creator`, `dc_subject`, `dc_description`, `dc_publisher`, `dc_contributor`, `dc_date`, `dc_type`, `dc_format`, `dc_identifier`, `dc_source`, `dc_language`, `dc_relation`, `dc_coverage`, `dc_rights`) VALUES ('ce704bbc9453994daa05d76d2d04aba0', 'studip', 1084723459, 1084723459, 'Gvk', '379252104', 'Die volkswirtschaftliche Perspektive', 'Heise, Michael', '', '', 'In: Zeitschrift für das gesamte Kreditwesen, Vol. 57, No. 4 (2004), p. 211-217, Frankfurt, M. : Knapp', 'Kater, Ulrich;', '2004-01-01', '', 'graph. Darst.', '', '', 'ger', '', '', '');
INSERT IGNORE INTO `lit_catalog` (`catalog_id`, `user_id`, `mkdate`, `chdate`, `lit_plugin`, `accession_number`, `dc_title`, `dc_creator`, `dc_subject`, `dc_description`, `dc_publisher`, `dc_contributor`, `dc_date`, `dc_type`, `dc_format`, `dc_identifier`, `dc_source`, `dc_language`, `dc_relation`, `dc_coverage`, `dc_rights`) VALUES ('b5d115a7f7cad02b4535fb3090bf18da', 'studip', 1084723476, 1084723476, 'Gvk', '386883831', 'E-Learning: Qualität und Nutzerakzeptanz sichern : Beiträge zur Planung, Umsetzung und Evaluation multimedialer und netzgestützter Anwendungen', 'Zinke, Gert', '', '', 'Bielefeld : Bertelsmann', 'Härtel, Michael; Bundesinstitut für Berufsbildung, ;', '2004-01-01', '', '159 S : graph. Darst ; 225 mm x 155 mm.', 'ISBN: 3763910204', '', 'ger', 'Berichte zur beruflichen Bildung ;, 265', '', '');

-- 
-- Daten für Tabelle `lit_list`
-- 

INSERT IGNORE INTO `lit_list` (`list_id`, `range_id`, `name`, `format`, `user_id`, `mkdate`, `chdate`, `priority`, `visibility`) VALUES ('3332f270b96fb23cdd2463cef8220b29', '834499e2b8a2cd71637890e5de31cba3', 'Basisliteratur der Veranstaltung', '**{dc_creator}** |({dc_contributor})||\r\n{dc_title}||\r\n{dc_identifier}||\r\n%%{published}%%||\r\n{note}||\r\n[{lit_plugin}]{external_link}|\r\n', '76ed43ef286fb55cf9e41beadb484a9f', 1084723414, 1084723488, 1, 1);

-- 
-- Daten für Tabelle `lit_list_content`
-- 

INSERT IGNORE INTO `lit_list_content` (`list_element_id`, `list_id`, `catalog_id`, `user_id`, `mkdate`, `chdate`, `note`, `priority`) VALUES ('1e6d6e6f179986f8c2be5b1c2ed37631', '3332f270b96fb23cdd2463cef8220b29', '15074ad4f2bd2c57cbc9dfb343c1355b', '76ed43ef286fb55cf9e41beadb484a9f', 1084723488, 1084723488, '', 1);
INSERT IGNORE INTO `lit_list_content` (`list_element_id`, `list_id`, `catalog_id`, `user_id`, `mkdate`, `chdate`, `note`, `priority`) VALUES ('4bd3001d8260001914e9ab8716a4fe70', '3332f270b96fb23cdd2463cef8220b29', 'ce704bbc9453994daa05d76d2d04aba0', '76ed43ef286fb55cf9e41beadb484a9f', 1084723488, 1084723488, '', 2);
INSERT IGNORE INTO `lit_list_content` (`list_element_id`, `list_id`, `catalog_id`, `user_id`, `mkdate`, `chdate`, `note`, `priority`) VALUES ('ce226125c3cf579cf28e5c96a8dea7a9', '3332f270b96fb23cdd2463cef8220b29', '54181f281faa777941acc252aebaf26d', '76ed43ef286fb55cf9e41beadb484a9f', 1084723488, 1084723488, '', 3);
INSERT IGNORE INTO `lit_list_content` (`list_element_id`, `list_id`, `catalog_id`, `user_id`, `mkdate`, `chdate`, `note`, `priority`) VALUES ('1d4ff2d55489dd9284f6a83dfc69149e', '3332f270b96fb23cdd2463cef8220b29', 'd6623a3c2b8285fb472aa759150148ad', '76ed43ef286fb55cf9e41beadb484a9f', 1084723488, 1084723488, '', 4);
INSERT IGNORE INTO `lit_list_content` (`list_element_id`, `list_id`, `catalog_id`, `user_id`, `mkdate`, `chdate`, `note`, `priority`) VALUES ('293e90c3c6511d2c8e1d4ba7b51daa98', '3332f270b96fb23cdd2463cef8220b29', 'b5d115a7f7cad02b4535fb3090bf18da', '76ed43ef286fb55cf9e41beadb484a9f', 1084723488, 1084723488, '', 5);

-- 
-- Daten für Tabelle `news`
-- 

INSERT IGNORE INTO `news` (`news_id`, `topic`, `body`, `author`, `date`, `user_id`, `expire`, `allow_comments`, `chdate`, `chdate_uid`, `mkdate`) VALUES ('29f2932ce32be989022c6f43b866e744', 'Herzlich Willkommen!', 'Das Stud.IP-Team heisst sie herzlich willkommen. \r\nBitte schauen Sie sich ruhig um!\r\n\r\nWenn Sie das System selbst installiert haben und diese News sehen, haben Sie die Demonstrationsdaten in die Datenbank eingefügt. Wenn Sie produktiv mit dem System arbeiten wollen, sollten Sie diese Daten später wieder löschen, da die Passwörter der Accounts (vor allem des root-Accounts) öffentlich bekannt sind.', 'Root Studip', 1128073897, '76ed43ef286fb55cf9e41beadb484a9f', 14562502, 1, 1128075346, '', 0);

-- 
-- Daten für Tabelle `news_range`
-- 

INSERT IGNORE INTO `news_range` (`news_id`, `range_id`) VALUES ('29f2932ce32be989022c6f43b866e744', '76ed43ef286fb55cf9e41beadb484a9f');
INSERT IGNORE INTO `news_range` (`news_id`, `range_id`) VALUES ('29f2932ce32be989022c6f43b866e744', 'studip');

-- 
-- Daten für Tabelle `px_topics`
-- 

INSERT IGNORE INTO `px_topics` (`topic_id`, `parent_id`, `root_id`, `name`, `description`, `mkdate`, `chdate`, `author`, `author_host`, `Seminar_id`, `user_id`) VALUES ('5260172c3d6f9d56d21b06bf4c278b52', '0', '5260172c3d6f9d56d21b06bf4c278b52', 'Allgemeine Diskussionen', 'Hier ist Raum für allgemeine Diskussionen', 1084723039, 1084723039, '', '134.76.62.67', 'ec2e364b28357106c0f8c282733dbe56', '76ed43ef286fb55cf9e41beadb484a9f');
INSERT IGNORE INTO `px_topics` (`topic_id`, `parent_id`, `root_id`, `name`, `description`, `mkdate`, `chdate`, `author`, `author_host`, `Seminar_id`, `user_id`) VALUES ('b30ec732ee1c69a275b2d6adaae49cdc', '0', 'b30ec732ee1c69a275b2d6adaae49cdc', 'Allgemeine Diskussionen', 'Hier ist Raum für allgemeine Diskussionen', 1084723053, 1084723053, '', '134.76.62.67', '7a4f19a0a2c321ab2b8f7b798881af7c', '76ed43ef286fb55cf9e41beadb484a9f');
INSERT IGNORE INTO `px_topics` (`topic_id`, `parent_id`, `root_id`, `name`, `description`, `mkdate`, `chdate`, `author`, `author_host`, `Seminar_id`, `user_id`) VALUES ('9f394dffd08043f13cc65ffff65bfa05', '0', '9f394dffd08043f13cc65ffff65bfa05', 'Allgemeine Diskussionen', 'Hier ist Raum für allgemeine Diskussionen', 1084723061, 1084723061, '', '134.76.62.67', '110ce78ffefaf1e5f167cd7019b728bf', '76ed43ef286fb55cf9e41beadb484a9f');
INSERT IGNORE INTO `px_topics` (`topic_id`, `parent_id`, `root_id`, `name`, `description`, `mkdate`, `chdate`, `author`, `author_host`, `Seminar_id`, `user_id`) VALUES ('49271c51527a89c794332f737eda652c', '0', '49271c51527a89c794332f737eda652c', 'Allgemeine Diskussionen', 'Hier ist Raum für allgemeine Diskussionen', 1084723361, 1084723361, 'Root Studip', '134.76.62.67', '834499e2b8a2cd71637890e5de31cba3', '76ed43ef286fb55cf9e41beadb484a9f');
INSERT IGNORE INTO `px_topics` (`topic_id`, `parent_id`, `root_id`, `name`, `description`, `mkdate`, `chdate`, `author`, `author_host`, `Seminar_id`, `user_id`) VALUES ('56f64e54f2a1ae27f7929b86021ccd0b', '0', '56f64e54f2a1ae27f7929b86021ccd0b', 'Sitzung am 10.10.2005', 'Hier kann zu diesem Termin diskutiert werden', 1128081211, 1128081211, 'Root Studip', '192.168.0.15', '834499e2b8a2cd71637890e5de31cba3', '76ed43ef286fb55cf9e41beadb484a9f');
INSERT IGNORE INTO `px_topics` (`topic_id`, `parent_id`, `root_id`, `name`, `description`, `mkdate`, `chdate`, `author`, `author_host`, `Seminar_id`, `user_id`) VALUES ('52855054f11f705fb9569ebe0340490d', '0', '52855054f11f705fb9569ebe0340490d', 'Sitzung am 12.10.2005', 'Hier kann zu diesem Termin diskutiert werden', 1128081212, 1128081212, 'Root Studip', '192.168.0.15', '834499e2b8a2cd71637890e5de31cba3', '76ed43ef286fb55cf9e41beadb484a9f');
INSERT IGNORE INTO `px_topics` (`topic_id`, `parent_id`, `root_id`, `name`, `description`, `mkdate`, `chdate`, `author`, `author_host`, `Seminar_id`, `user_id`) VALUES ('89e4a6cf05b4e75368b047240d44cfdc', '0', '89e4a6cf05b4e75368b047240d44cfdc', 'Sitzung am 17.10.2005', 'Hier kann zu diesem Termin diskutiert werden', 1128081213, 1128081213, 'Root Studip', '192.168.0.15', '834499e2b8a2cd71637890e5de31cba3', '76ed43ef286fb55cf9e41beadb484a9f');
INSERT IGNORE INTO `px_topics` (`topic_id`, `parent_id`, `root_id`, `name`, `description`, `mkdate`, `chdate`, `author`, `author_host`, `Seminar_id`, `user_id`) VALUES ('c1ea4ee29da885cee10ce4615a4098ec', '0', 'c1ea4ee29da885cee10ce4615a4098ec', 'Sitzung am 19.10.2005', 'Hier kann zu diesem Termin diskutiert werden', 1128081214, 1128081214, 'Root Studip', '192.168.0.15', '834499e2b8a2cd71637890e5de31cba3', '76ed43ef286fb55cf9e41beadb484a9f');
INSERT IGNORE INTO `px_topics` (`topic_id`, `parent_id`, `root_id`, `name`, `description`, `mkdate`, `chdate`, `author`, `author_host`, `Seminar_id`, `user_id`) VALUES ('c5ce17a360136f7f029651f37cf13e77', '0', 'c5ce17a360136f7f029651f37cf13e77', 'Sitzung am 24.10.2005', 'Hier kann zu diesem Termin diskutiert werden', 1128081215, 1128081215, 'Root Studip', '192.168.0.15', '834499e2b8a2cd71637890e5de31cba3', '76ed43ef286fb55cf9e41beadb484a9f');
INSERT IGNORE INTO `px_topics` (`topic_id`, `parent_id`, `root_id`, `name`, `description`, `mkdate`, `chdate`, `author`, `author_host`, `Seminar_id`, `user_id`) VALUES ('46dd684962086c5ef34581525f6d5c84', '0', '46dd684962086c5ef34581525f6d5c84', 'Sitzung am 26.10.2005', 'Hier kann zu diesem Termin diskutiert werden', 1128081216, 1128081216, 'Root Studip', '192.168.0.15', '834499e2b8a2cd71637890e5de31cba3', '76ed43ef286fb55cf9e41beadb484a9f');
INSERT IGNORE INTO `px_topics` (`topic_id`, `parent_id`, `root_id`, `name`, `description`, `mkdate`, `chdate`, `author`, `author_host`, `Seminar_id`, `user_id`) VALUES ('820b937ccf9bf94a1213b780bf373613', '0', '820b937ccf9bf94a1213b780bf373613', 'Sitzung am 31.10.2005', 'Hier kann zu diesem Termin diskutiert werden', 1128081217, 1128081217, 'Root Studip', '192.168.0.15', '834499e2b8a2cd71637890e5de31cba3', '76ed43ef286fb55cf9e41beadb484a9f');
INSERT IGNORE INTO `px_topics` (`topic_id`, `parent_id`, `root_id`, `name`, `description`, `mkdate`, `chdate`, `author`, `author_host`, `Seminar_id`, `user_id`) VALUES ('064d9c8f1aa6da3889ca418abd568891', '0', '064d9c8f1aa6da3889ca418abd568891', 'Sitzung am 02.11.2005', 'Hier kann zu diesem Termin diskutiert werden', 1128081218, 1128081218, 'Root Studip', '192.168.0.15', '834499e2b8a2cd71637890e5de31cba3', '76ed43ef286fb55cf9e41beadb484a9f');
INSERT IGNORE INTO `px_topics` (`topic_id`, `parent_id`, `root_id`, `name`, `description`, `mkdate`, `chdate`, `author`, `author_host`, `Seminar_id`, `user_id`) VALUES ('88063fe4a69cb78e444ce174f11e8c29', '0', '88063fe4a69cb78e444ce174f11e8c29', 'Sitzung am 07.11.2005', 'Hier kann zu diesem Termin diskutiert werden', 1128081219, 1128081219, 'Root Studip', '192.168.0.15', '834499e2b8a2cd71637890e5de31cba3', '76ed43ef286fb55cf9e41beadb484a9f');
INSERT IGNORE INTO `px_topics` (`topic_id`, `parent_id`, `root_id`, `name`, `description`, `mkdate`, `chdate`, `author`, `author_host`, `Seminar_id`, `user_id`) VALUES ('58f3f23ae9fe323d2584a6fbdb68aeed', '0', '58f3f23ae9fe323d2584a6fbdb68aeed', 'Sitzung am 09.11.2005', 'Hier kann zu diesem Termin diskutiert werden', 1128081220, 1128081220, 'Root Studip', '192.168.0.15', '834499e2b8a2cd71637890e5de31cba3', '76ed43ef286fb55cf9e41beadb484a9f');
INSERT IGNORE INTO `px_topics` (`topic_id`, `parent_id`, `root_id`, `name`, `description`, `mkdate`, `chdate`, `author`, `author_host`, `Seminar_id`, `user_id`) VALUES ('8295bd6dd58c6244f31e85a97212a899', '0', '8295bd6dd58c6244f31e85a97212a899', 'Sitzung am 14.11.2005', 'Hier kann zu diesem Termin diskutiert werden', 1128081221, 1128081221, 'Root Studip', '192.168.0.15', '834499e2b8a2cd71637890e5de31cba3', '76ed43ef286fb55cf9e41beadb484a9f');
INSERT IGNORE INTO `px_topics` (`topic_id`, `parent_id`, `root_id`, `name`, `description`, `mkdate`, `chdate`, `author`, `author_host`, `Seminar_id`, `user_id`) VALUES ('b05fc37c7d49882533bd6a2cca2089db', '0', 'b05fc37c7d49882533bd6a2cca2089db', 'Sitzung am 16.11.2005', 'Hier kann zu diesem Termin diskutiert werden', 1128081222, 1128081222, 'Root Studip', '192.168.0.15', '834499e2b8a2cd71637890e5de31cba3', '76ed43ef286fb55cf9e41beadb484a9f');
INSERT IGNORE INTO `px_topics` (`topic_id`, `parent_id`, `root_id`, `name`, `description`, `mkdate`, `chdate`, `author`, `author_host`, `Seminar_id`, `user_id`) VALUES ('ed8979a11e4300cc0ad8e208fe34b92e', '0', 'ed8979a11e4300cc0ad8e208fe34b92e', 'Sitzung am 21.11.2005', 'Hier kann zu diesem Termin diskutiert werden', 1128081223, 1128081223, 'Root Studip', '192.168.0.15', '834499e2b8a2cd71637890e5de31cba3', '76ed43ef286fb55cf9e41beadb484a9f');
INSERT IGNORE INTO `px_topics` (`topic_id`, `parent_id`, `root_id`, `name`, `description`, `mkdate`, `chdate`, `author`, `author_host`, `Seminar_id`, `user_id`) VALUES ('ab5a5c0a8ee8359663b955e77d8bd717', '0', 'ab5a5c0a8ee8359663b955e77d8bd717', 'Sitzung am 23.11.2005', 'Hier kann zu diesem Termin diskutiert werden', 1128081225, 1128081225, 'Root Studip', '192.168.0.15', '834499e2b8a2cd71637890e5de31cba3', '76ed43ef286fb55cf9e41beadb484a9f');
INSERT IGNORE INTO `px_topics` (`topic_id`, `parent_id`, `root_id`, `name`, `description`, `mkdate`, `chdate`, `author`, `author_host`, `Seminar_id`, `user_id`) VALUES ('cbc5d8137c8d6f2dc3678a2b7e48805b', '0', 'cbc5d8137c8d6f2dc3678a2b7e48805b', 'Sitzung am 28.11.2005', 'Hier kann zu diesem Termin diskutiert werden', 1128081226, 1128081226, 'Root Studip', '192.168.0.15', '834499e2b8a2cd71637890e5de31cba3', '76ed43ef286fb55cf9e41beadb484a9f');
INSERT IGNORE INTO `px_topics` (`topic_id`, `parent_id`, `root_id`, `name`, `description`, `mkdate`, `chdate`, `author`, `author_host`, `Seminar_id`, `user_id`) VALUES ('421ee6942fb6df41b281d3074d58eebc', '0', '421ee6942fb6df41b281d3074d58eebc', 'Sitzung am 30.11.2005', 'Hier kann zu diesem Termin diskutiert werden', 1128081227, 1128081227, 'Root Studip', '192.168.0.15', '834499e2b8a2cd71637890e5de31cba3', '76ed43ef286fb55cf9e41beadb484a9f');
INSERT IGNORE INTO `px_topics` (`topic_id`, `parent_id`, `root_id`, `name`, `description`, `mkdate`, `chdate`, `author`, `author_host`, `Seminar_id`, `user_id`) VALUES ('2013df4680d2d118cb96a1d3bbafb898', '0', '2013df4680d2d118cb96a1d3bbafb898', 'Sitzung am 05.12.2005', 'Hier kann zu diesem Termin diskutiert werden', 1128081228, 1128081228, 'Root Studip', '192.168.0.15', '834499e2b8a2cd71637890e5de31cba3', '76ed43ef286fb55cf9e41beadb484a9f');
INSERT IGNORE INTO `px_topics` (`topic_id`, `parent_id`, `root_id`, `name`, `description`, `mkdate`, `chdate`, `author`, `author_host`, `Seminar_id`, `user_id`) VALUES ('56732f08d046e98819023d777404397c', '0', '56732f08d046e98819023d777404397c', 'Sitzung am 07.12.2005', 'Hier kann zu diesem Termin diskutiert werden', 1128081229, 1128081229, 'Root Studip', '192.168.0.15', '834499e2b8a2cd71637890e5de31cba3', '76ed43ef286fb55cf9e41beadb484a9f');
INSERT IGNORE INTO `px_topics` (`topic_id`, `parent_id`, `root_id`, `name`, `description`, `mkdate`, `chdate`, `author`, `author_host`, `Seminar_id`, `user_id`) VALUES ('56e43a5a0177048e26d07d27e577518b', '0', '56e43a5a0177048e26d07d27e577518b', 'Sitzung am 12.12.2005', 'Hier kann zu diesem Termin diskutiert werden', 1128081230, 1128081230, 'Root Studip', '192.168.0.15', '834499e2b8a2cd71637890e5de31cba3', '76ed43ef286fb55cf9e41beadb484a9f');
INSERT IGNORE INTO `px_topics` (`topic_id`, `parent_id`, `root_id`, `name`, `description`, `mkdate`, `chdate`, `author`, `author_host`, `Seminar_id`, `user_id`) VALUES ('1d53479a6adabb82ffe81276a71e5b3a', '0', '1d53479a6adabb82ffe81276a71e5b3a', 'Sitzung am 14.12.2005', 'Hier kann zu diesem Termin diskutiert werden', 1128081231, 1128081231, 'Root Studip', '192.168.0.15', '834499e2b8a2cd71637890e5de31cba3', '76ed43ef286fb55cf9e41beadb484a9f');
INSERT IGNORE INTO `px_topics` (`topic_id`, `parent_id`, `root_id`, `name`, `description`, `mkdate`, `chdate`, `author`, `author_host`, `Seminar_id`, `user_id`) VALUES ('5fa6171e6fa31d9f875375221220adf2', '0', '5fa6171e6fa31d9f875375221220adf2', 'Sitzung am 19.12.2005', 'Hier kann zu diesem Termin diskutiert werden', 1128081232, 1128081232, 'Root Studip', '192.168.0.15', '834499e2b8a2cd71637890e5de31cba3', '76ed43ef286fb55cf9e41beadb484a9f');
INSERT IGNORE INTO `px_topics` (`topic_id`, `parent_id`, `root_id`, `name`, `description`, `mkdate`, `chdate`, `author`, `author_host`, `Seminar_id`, `user_id`) VALUES ('791e6034991867cf6d9e8eaf92358c09', '0', '791e6034991867cf6d9e8eaf92358c09', 'Sitzung am 21.12.2005', 'Hier kann zu diesem Termin diskutiert werden', 1128081233, 1128081233, 'Root Studip', '192.168.0.15', '834499e2b8a2cd71637890e5de31cba3', '76ed43ef286fb55cf9e41beadb484a9f');
INSERT IGNORE INTO `px_topics` (`topic_id`, `parent_id`, `root_id`, `name`, `description`, `mkdate`, `chdate`, `author`, `author_host`, `Seminar_id`, `user_id`) VALUES ('7db92fdf4076bc63eca31715802eff38', '0', '7db92fdf4076bc63eca31715802eff38', 'Sitzung am 28.12.2005', 'Hier kann zu diesem Termin diskutiert werden', 1128081234, 1128081234, 'Root Studip', '192.168.0.15', '834499e2b8a2cd71637890e5de31cba3', '76ed43ef286fb55cf9e41beadb484a9f');
INSERT IGNORE INTO `px_topics` (`topic_id`, `parent_id`, `root_id`, `name`, `description`, `mkdate`, `chdate`, `author`, `author_host`, `Seminar_id`, `user_id`) VALUES ('d9d607592df05ac0d5e34e4498b31950', '0', 'd9d607592df05ac0d5e34e4498b31950', 'Sitzung am 02.01.2006', 'Hier kann zu diesem Termin diskutiert werden', 1128081235, 1128081235, 'Root Studip', '192.168.0.15', '834499e2b8a2cd71637890e5de31cba3', '76ed43ef286fb55cf9e41beadb484a9f');
INSERT IGNORE INTO `px_topics` (`topic_id`, `parent_id`, `root_id`, `name`, `description`, `mkdate`, `chdate`, `author`, `author_host`, `Seminar_id`, `user_id`) VALUES ('38fdf4b79d6fcc51736e161b0d603484', '0', '38fdf4b79d6fcc51736e161b0d603484', 'Sitzung am 04.01.2006', 'Hier kann zu diesem Termin diskutiert werden', 1128081236, 1128081236, 'Root Studip', '192.168.0.15', '834499e2b8a2cd71637890e5de31cba3', '76ed43ef286fb55cf9e41beadb484a9f');
INSERT IGNORE INTO `px_topics` (`topic_id`, `parent_id`, `root_id`, `name`, `description`, `mkdate`, `chdate`, `author`, `author_host`, `Seminar_id`, `user_id`) VALUES ('b23a60ab4b5261ec83bc678bfbb4fe3a', '0', 'b23a60ab4b5261ec83bc678bfbb4fe3a', 'Sitzung am 09.01.2006', 'Hier kann zu diesem Termin diskutiert werden', 1128081237, 1128081237, 'Root Studip', '192.168.0.15', '834499e2b8a2cd71637890e5de31cba3', '76ed43ef286fb55cf9e41beadb484a9f');
INSERT IGNORE INTO `px_topics` (`topic_id`, `parent_id`, `root_id`, `name`, `description`, `mkdate`, `chdate`, `author`, `author_host`, `Seminar_id`, `user_id`) VALUES ('7768f46fd2e7f0051cff9c426e74a67b', '0', '7768f46fd2e7f0051cff9c426e74a67b', 'Sitzung am 11.01.2006', 'Hier kann zu diesem Termin diskutiert werden', 1128081238, 1128081238, 'Root Studip', '192.168.0.15', '834499e2b8a2cd71637890e5de31cba3', '76ed43ef286fb55cf9e41beadb484a9f');
INSERT IGNORE INTO `px_topics` (`topic_id`, `parent_id`, `root_id`, `name`, `description`, `mkdate`, `chdate`, `author`, `author_host`, `Seminar_id`, `user_id`) VALUES ('554314878492a14c465520aab1af226a', '0', '554314878492a14c465520aab1af226a', 'Sitzung am 16.01.2006', 'Hier kann zu diesem Termin diskutiert werden', 1128081239, 1128081239, 'Root Studip', '192.168.0.15', '834499e2b8a2cd71637890e5de31cba3', '76ed43ef286fb55cf9e41beadb484a9f');
INSERT IGNORE INTO `px_topics` (`topic_id`, `parent_id`, `root_id`, `name`, `description`, `mkdate`, `chdate`, `author`, `author_host`, `Seminar_id`, `user_id`) VALUES ('320d5d04e8ea4456ff6ca46bf0a4a443', '0', '320d5d04e8ea4456ff6ca46bf0a4a443', 'Sitzung am 18.01.2006', 'Hier kann zu diesem Termin diskutiert werden', 1128081240, 1128081240, 'Root Studip', '192.168.0.15', '834499e2b8a2cd71637890e5de31cba3', '76ed43ef286fb55cf9e41beadb484a9f');
INSERT IGNORE INTO `px_topics` (`topic_id`, `parent_id`, `root_id`, `name`, `description`, `mkdate`, `chdate`, `author`, `author_host`, `Seminar_id`, `user_id`) VALUES ('262f134923f0a952d9c21608b3da3917', '0', '262f134923f0a952d9c21608b3da3917', 'Sitzung am 23.01.2006', 'Hier kann zu diesem Termin diskutiert werden', 1128081241, 1128081241, 'Root Studip', '192.168.0.15', '834499e2b8a2cd71637890e5de31cba3', '76ed43ef286fb55cf9e41beadb484a9f');
INSERT IGNORE INTO `px_topics` (`topic_id`, `parent_id`, `root_id`, `name`, `description`, `mkdate`, `chdate`, `author`, `author_host`, `Seminar_id`, `user_id`) VALUES ('5ff6a0cbd66e99b4d5bc1633824e3dbe', '0', '5ff6a0cbd66e99b4d5bc1633824e3dbe', 'Sitzung am 25.01.2006', 'Hier kann zu diesem Termin diskutiert werden', 1128081242, 1128081242, 'Root Studip', '192.168.0.15', '834499e2b8a2cd71637890e5de31cba3', '76ed43ef286fb55cf9e41beadb484a9f');
INSERT IGNORE INTO `px_topics` (`topic_id`, `parent_id`, `root_id`, `name`, `description`, `mkdate`, `chdate`, `author`, `author_host`, `Seminar_id`, `user_id`) VALUES ('231e4e6adaf064be8640d9411715764d', '0', '231e4e6adaf064be8640d9411715764d', 'Sitzung am 30.01.2006', 'Hier kann zu diesem Termin diskutiert werden', 1128081243, 1128081243, 'Root Studip', '192.168.0.15', '834499e2b8a2cd71637890e5de31cba3', '76ed43ef286fb55cf9e41beadb484a9f');
INSERT IGNORE INTO `px_topics` (`topic_id`, `parent_id`, `root_id`, `name`, `description`, `mkdate`, `chdate`, `author`, `author_host`, `Seminar_id`, `user_id`) VALUES ('0a1ce9e7abe6d9f58a745ed3b548cbb6', '0', '0a1ce9e7abe6d9f58a745ed3b548cbb6', 'Sitzung am 01.02.2006', 'Hier kann zu diesem Termin diskutiert werden', 1128081244, 1128081244, 'Root Studip', '192.168.0.15', '834499e2b8a2cd71637890e5de31cba3', '76ed43ef286fb55cf9e41beadb484a9f');
INSERT IGNORE INTO `px_topics` (`topic_id`, `parent_id`, `root_id`, `name`, `description`, `mkdate`, `chdate`, `author`, `author_host`, `Seminar_id`, `user_id`) VALUES ('99db6db45af3b42e82a5fdc91523c0f6', '0', '99db6db45af3b42e82a5fdc91523c0f6', 'Sitzung am 06.02.2006', 'Hier kann zu diesem Termin diskutiert werden', 1128081245, 1128081245, 'Root Studip', '192.168.0.15', '834499e2b8a2cd71637890e5de31cba3', '76ed43ef286fb55cf9e41beadb484a9f');
INSERT IGNORE INTO `px_topics` (`topic_id`, `parent_id`, `root_id`, `name`, `description`, `mkdate`, `chdate`, `author`, `author_host`, `Seminar_id`, `user_id`) VALUES ('046552ffaa07ce44173127709ef5c115', '0', '046552ffaa07ce44173127709ef5c115', 'Sitzung am 08.02.2006', 'Hier kann zu diesem Termin diskutiert werden', 1128081246, 1128081246, 'Root Studip', '192.168.0.15', '834499e2b8a2cd71637890e5de31cba3', '76ed43ef286fb55cf9e41beadb484a9f');

-- 
-- Daten für Tabelle `range_tree`
-- 

INSERT IGNORE INTO `range_tree` (`item_id`, `parent_id`, `level`, `priority`, `name`, `studip_object`, `studip_object_id`) VALUES ('3f93863e3d37ba0df286a6e7e26974ef', 'root', 0, 0, 'Einrichtungen der Universität', '', '');
INSERT IGNORE INTO `range_tree` (`item_id`, `parent_id`, `level`, `priority`, `name`, `studip_object`, `studip_object_id`) VALUES ('1323254564871354786157481484621', '3f93863e3d37ba0df286a6e7e26974ef', 1, 0, '', 'inst', '1535795b0d6ddecac6813f5f6ac47ef2');
INSERT IGNORE INTO `range_tree` (`item_id`, `parent_id`, `level`, `priority`, `name`, `studip_object`, `studip_object_id`) VALUES ('ce6c87bbf759b4cfd6f92d0c5560da5c', '1323254564871354786157481484621', 0, 0, 'Test Einrichtung', 'inst', '2560f7c7674942a7dce8eeb238e15d93');
INSERT IGNORE INTO `range_tree` (`item_id`, `parent_id`, `level`, `priority`, `name`, `studip_object`, `studip_object_id`) VALUES ('2f4f90ac9d8d832cc8c8a95910fde4eb', '1323254564871354786157481484621', 0, 1, 'Test Lehrstuhl', 'inst', '536249daa596905f433e1f73578019db');
INSERT IGNORE INTO `range_tree` (`item_id`, `parent_id`, `level`, `priority`, `name`, `studip_object`, `studip_object_id`) VALUES ('5d032f70c255f3e57cf8aa85a429ad4e', '1323254564871354786157481484621', 0, 2, 'Test Abteilung', 'inst', 'f02e2b17bc0e99fc885da6ac4c2532dc');
INSERT IGNORE INTO `range_tree` (`item_id`, `parent_id`, `level`, `priority`, `name`, `studip_object`, `studip_object_id`) VALUES ('a3d977a66f0010fa8e15c27dd71aff63', 'root', 0, 1, 'externe Bildungseinrichtungen', 'fak', 'ec2e364b28357106c0f8c282733dbe56');
INSERT IGNORE INTO `range_tree` (`item_id`, `parent_id`, `level`, `priority`, `name`, `studip_object`, `studip_object_id`) VALUES ('e0ff0ead6a8c5191078ed787cd7c0c1f', 'a3d977a66f0010fa8e15c27dd71aff63', 0, 0, 'externe Einrichtung A', 'inst', '7a4f19a0a2c321ab2b8f7b798881af7c');
INSERT IGNORE INTO `range_tree` (`item_id`, `parent_id`, `level`, `priority`, `name`, `studip_object`, `studip_object_id`) VALUES ('105b70b72dc1908ce2925e057c4a8daa', 'a3d977a66f0010fa8e15c27dd71aff63', 0, 1, 'externe Einrichtung B', 'inst', '110ce78ffefaf1e5f167cd7019b728bf');

-- 
-- Daten für Tabelle `sem_tree`
-- 

INSERT IGNORE INTO `sem_tree` (`sem_tree_id`, `parent_id`, `priority`, `info`, `name`, `studip_object_id`) VALUES ('5b73e28644a3e259a6e0bc1e1499773c', 'root', 1, '', '', '1535795b0d6ddecac6813f5f6ac47ef2');
INSERT IGNORE INTO `sem_tree` (`sem_tree_id`, `parent_id`, `priority`, `info`, `name`, `studip_object_id`) VALUES ('439618ae57d8c10dcaabcf7e21bcc1d9', '5b73e28644a3e259a6e0bc1e1499773c', 0, '', 'Test Studienbereich A', NULL);
INSERT IGNORE INTO `sem_tree` (`sem_tree_id`, `parent_id`, `priority`, `info`, `name`, `studip_object_id`) VALUES ('5c41d2b4a5a8338e069dda987a624b74', '5b73e28644a3e259a6e0bc1e1499773c', 1, '', 'Test Studienbereich B', NULL);
INSERT IGNORE INTO `sem_tree` (`sem_tree_id`, `parent_id`, `priority`, `info`, `name`, `studip_object_id`) VALUES ('3d39528c1d560441fd4a8cb0b7717285', '439618ae57d8c10dcaabcf7e21bcc1d9', 0, '', 'Test Studienbereich A-1', NULL);
INSERT IGNORE INTO `sem_tree` (`sem_tree_id`, `parent_id`, `priority`, `info`, `name`, `studip_object_id`) VALUES ('dd7fff9151e85e7130cdb684edf0c370', '439618ae57d8c10dcaabcf7e21bcc1d9', 1, '', 'Test Studienbereich A-2', NULL);
INSERT IGNORE INTO `sem_tree` (`sem_tree_id`, `parent_id`, `priority`, `info`, `name`, `studip_object_id`) VALUES ('01c8b1d188be40c5ac64b54a01aae294', '5b73e28644a3e259a6e0bc1e1499773c', 2, '', 'Test Studienbereich C', NULL);

-- 
-- Daten für Tabelle `seminar_inst`
-- 

INSERT IGNORE INTO `seminar_inst` (`seminar_id`, `institut_id`) VALUES ('834499e2b8a2cd71637890e5de31cba3', '2560f7c7674942a7dce8eeb238e15d93');

-- 
-- Daten für Tabelle `seminar_sem_tree`
-- 

INSERT IGNORE INTO `seminar_sem_tree` (`seminar_id`, `sem_tree_id`) VALUES ('834499e2b8a2cd71637890e5de31cba3', '3d39528c1d560441fd4a8cb0b7717285');
INSERT IGNORE INTO `seminar_sem_tree` (`seminar_id`, `sem_tree_id`) VALUES ('834499e2b8a2cd71637890e5de31cba3', '5c41d2b4a5a8338e069dda987a624b74');
INSERT IGNORE INTO `seminar_sem_tree` (`seminar_id`, `sem_tree_id`) VALUES ('834499e2b8a2cd71637890e5de31cba3', 'dd7fff9151e85e7130cdb684edf0c370');

-- 
-- Daten für Tabelle `seminar_user`
-- 

INSERT IGNORE INTO `seminar_user` (`Seminar_id`, `user_id`, `status`, `gruppe`, `admission_studiengang_id`, `mkdate`, `comment`) VALUES ('834499e2b8a2cd71637890e5de31cba3', '205f3efb7997a0fc9755da2b535038da', 'dozent', 2, '', 1084723360, '');
INSERT IGNORE INTO `seminar_user` (`Seminar_id`, `user_id`, `status`, `gruppe`, `admission_studiengang_id`, `mkdate`, `comment`) VALUES ('834499e2b8a2cd71637890e5de31cba3', '7e81ec247c151c02ffd479511e24cc03', 'tutor', 2, '', 1084723360, '');
INSERT IGNORE INTO `seminar_user` (`Seminar_id`, `user_id`, `status`, `gruppe`, `admission_studiengang_id`, `mkdate`, `comment`) VALUES ('834499e2b8a2cd71637890e5de31cba3', 'e7a0a84b161f3e8c09b4a0a2e8a58147', 'autor', 2, '', 1084723360, '');

-- 
-- Daten für Tabelle `seminare`
-- 

INSERT IGNORE INTO `seminare` (`Seminar_id`, `VeranstaltungsNummer`, `Institut_id`, `Name`, `Untertitel`, `status`, `Beschreibung`, `Ort`, `Sonstiges`, `Passwort`, `Lesezugriff`, `Schreibzugriff`, `start_time`, `duration_time`, `art`, `teilnehmer`, `vorrausetzungen`, `lernorga`, `leistungsnachweis`, `metadata_dates`, `mkdate`, `chdate`, `ects`, `admission_endtime`, `admission_turnout`, `admission_binding`, `admission_type`, `admission_selection_take_place`, `admission_group`, `admission_prelim`, `admission_prelim_txt`, `admission_starttime`, `admission_endtime_sem`, `visible`, `showscore`, `modules`) VALUES ('834499e2b8a2cd71637890e5de31cba3', '1234', '2560f7c7674942a7dce8eeb238e15d93', 'Test Lehrveranstaltung', 'eine normale Lehrveranstaltung', 1, '', '', '', '', 1, 1, 1128117600, 0, '', 'für alle Studierenden', 'abgeschlossenes Grundstudium', 'Referate in Gruppenarbeit', 'Klausur', 'a:5:{s:3:"art";s:1:"0";s:12:"start_termin";i:-1;s:11:"start_woche";s:1:"0";s:6:"turnus";i:0;s:11:"turnus_data";a:2:{i:0;a:9:{s:3:"idx";s:5:"11000";s:3:"day";s:1:"1";s:12:"start_stunde";i:10;s:12:"start_minute";i:0;s:10:"end_stunde";i:12;s:10:"end_minute";i:0;s:4:"room";s:0:"";s:11:"resource_id";s:32:"728f1578de643fb08b32b4b8afb2db77";s:4:"desc";N;}i:1;a:9:{s:3:"idx";s:5:"31100";s:3:"day";s:1:"3";s:12:"start_stunde";i:11;s:12:"start_minute";i:0;s:10:"end_stunde";i:12;s:10:"end_minute";i:0;s:4:"room";s:0:"";s:11:"resource_id";s:32:"b17c4ea6e053f2fffba8a5517fc277b3";s:4:"desc";N;}}}', 1084723360, 1128081202, '4', -1, 0, 0, 0, 0, '', 0, '', -1, -1, 1, 0, 495);

-- 
-- Daten für Tabelle `statusgruppe_user`
-- 

INSERT IGNORE INTO `statusgruppe_user` (`statusgruppe_id`, `user_id`, `position`) VALUES ('efb56e092f33cb78a8766676042dc1c5', '7e81ec247c151c02ffd479511e24cc03', 1);
INSERT IGNORE INTO `statusgruppe_user` (`statusgruppe_id`, `user_id`, `position`) VALUES ('5d40b1fc0434e6589d7341a3ee742baf', '205f3efb7997a0fc9755da2b535038da', 1);

-- 
-- Daten für Tabelle `statusgruppen`
-- 

INSERT IGNORE INTO `statusgruppen` (`statusgruppe_id`, `name`, `range_id`, `position`, `size`, `selfassign`, `mkdate`, `chdate`) VALUES ('86498c641ccf4f4d4e02f4961ccc3829', 'Lehrbeauftragte', '2560f7c7674942a7dce8eeb238e15d93', 3, 0, 0, 1084722322, 1084722322);
INSERT IGNORE INTO `statusgruppen` (`statusgruppe_id`, `name`, `range_id`, `position`, `size`, `selfassign`, `mkdate`, `chdate`) VALUES ('600403561c21a50ae8b4d41655bd2191', 'HochschullehrerIn', '2560f7c7674942a7dce8eeb238e15d93', 4, 0, 0, 1084722327, 1084722327);
INSERT IGNORE INTO `statusgruppen` (`statusgruppe_id`, `name`, `range_id`, `position`, `size`, `selfassign`, `mkdate`, `chdate`) VALUES ('efb56e092f33cb78a8766676042dc1c5', 'wiss. MitarbeiterIn', '2560f7c7674942a7dce8eeb238e15d93', 2, 0, 0, 1084722305, 1084722305);
INSERT IGNORE INTO `statusgruppen` (`statusgruppe_id`, `name`, `range_id`, `position`, `size`, `selfassign`, `mkdate`, `chdate`) VALUES ('5d40b1fc0434e6589d7341a3ee742baf', 'DirektorIn', '2560f7c7674942a7dce8eeb238e15d93', 1, 0, 0, 1084639925, 1084639925);

-- 
-- Daten für Tabelle `studiengaenge`
-- 

INSERT IGNORE INTO `studiengaenge` (`studiengang_id`, `name`, `beschreibung`, `mkdate`, `chdate`) VALUES ('63b13b29db6adcf0e2814a6388d4583c', 'Test Studiengang 1', '', 1067423985, 1067423985);
INSERT IGNORE INTO `studiengaenge` (`studiengang_id`, `name`, `beschreibung`, `mkdate`, `chdate`) VALUES ('4a55e9df07a18e76ebb84e27ae212b30', 'Test Studiengang 2', '', 1067423997, 1067423997);

-- 
-- Daten für Tabelle `termine`
-- 

INSERT IGNORE INTO `termine` (`termin_id`, `range_id`, `autor_id`, `content`, `description`, `date`, `end_time`, `mkdate`, `chdate`, `date_typ`, `topic_id`, `raum`) VALUES ('193704c65a442d3f71eaa778796aff12', '834499e2b8a2cd71637890e5de31cba3', '76ed43ef286fb55cf9e41beadb484a9f', 'Vorbesprechung', '', 1128520800, 1128528000, 1128081379, 1128081379, 2, '', '');
INSERT IGNORE INTO `termine` (`termin_id`, `range_id`, `autor_id`, `content`, `description`, `date`, `end_time`, `mkdate`, `chdate`, `date_typ`, `topic_id`, `raum`) VALUES ('b5d9c1b456bcd354b1b8d7c35f52e760', '834499e2b8a2cd71637890e5de31cba3', '76ed43ef286fb55cf9e41beadb484a9f', 'Kein Titel', NULL, 1139392800, 1139396400, 1128081212, 1128081212, 1, '046552ffaa07ce44173127709ef5c115', 'Hörsaal 2');
INSERT IGNORE INTO `termine` (`termin_id`, `range_id`, `autor_id`, `content`, `description`, `date`, `end_time`, `mkdate`, `chdate`, `date_typ`, `topic_id`, `raum`) VALUES ('4ff0b9a56115020b60f91bb16af6f9e4', '834499e2b8a2cd71637890e5de31cba3', '76ed43ef286fb55cf9e41beadb484a9f', 'Kein Titel', NULL, 1139216400, 1139223600, 1128081212, 1128081212, 1, '99db6db45af3b42e82a5fdc91523c0f6', 'Hörsaal 1');
INSERT IGNORE INTO `termine` (`termin_id`, `range_id`, `autor_id`, `content`, `description`, `date`, `end_time`, `mkdate`, `chdate`, `date_typ`, `topic_id`, `raum`) VALUES ('eeef03d29a78cd6efc28f8e4a0e4d6ce', '834499e2b8a2cd71637890e5de31cba3', '76ed43ef286fb55cf9e41beadb484a9f', 'Kein Titel', NULL, 1138788000, 1138791600, 1128081212, 1128081212, 1, '0a1ce9e7abe6d9f58a745ed3b548cbb6', 'Hörsaal 2');
INSERT IGNORE INTO `termine` (`termin_id`, `range_id`, `autor_id`, `content`, `description`, `date`, `end_time`, `mkdate`, `chdate`, `date_typ`, `topic_id`, `raum`) VALUES ('82e98f48ead7fba4ea9fc2e0a5d40c5f', '834499e2b8a2cd71637890e5de31cba3', '76ed43ef286fb55cf9e41beadb484a9f', 'Kein Titel', NULL, 1138611600, 1138618800, 1128081212, 1128081212, 1, '231e4e6adaf064be8640d9411715764d', 'Hörsaal 1');
INSERT IGNORE INTO `termine` (`termin_id`, `range_id`, `autor_id`, `content`, `description`, `date`, `end_time`, `mkdate`, `chdate`, `date_typ`, `topic_id`, `raum`) VALUES ('c2c175ce8e54e56c9a429bd6b4c5458a', '834499e2b8a2cd71637890e5de31cba3', '76ed43ef286fb55cf9e41beadb484a9f', 'Kein Titel', NULL, 1130140800, 1130148000, 1128081211, 1128081211, 1, 'c5ce17a360136f7f029651f37cf13e77', 'Hörsaal 1');
INSERT IGNORE INTO `termine` (`termin_id`, `range_id`, `autor_id`, `content`, `description`, `date`, `end_time`, `mkdate`, `chdate`, `date_typ`, `topic_id`, `raum`) VALUES ('9384c65263130b22accb1dab7558a137', '834499e2b8a2cd71637890e5de31cba3', '76ed43ef286fb55cf9e41beadb484a9f', 'Kein Titel', NULL, 1130317200, 1130320800, 1128081211, 1128081211, 1, '46dd684962086c5ef34581525f6d5c84', 'Hörsaal 2');
INSERT IGNORE INTO `termine` (`termin_id`, `range_id`, `autor_id`, `content`, `description`, `date`, `end_time`, `mkdate`, `chdate`, `date_typ`, `topic_id`, `raum`) VALUES ('d3636374ec79df064946a4d10a670f91', '834499e2b8a2cd71637890e5de31cba3', '76ed43ef286fb55cf9e41beadb484a9f', 'Kein Titel', NULL, 1130749200, 1130756400, 1128081211, 1128081211, 1, '820b937ccf9bf94a1213b780bf373613', 'Hörsaal 1');
INSERT IGNORE INTO `termine` (`termin_id`, `range_id`, `autor_id`, `content`, `description`, `date`, `end_time`, `mkdate`, `chdate`, `date_typ`, `topic_id`, `raum`) VALUES ('35da45704165df681f312a9c2f4e31e7', '834499e2b8a2cd71637890e5de31cba3', '76ed43ef286fb55cf9e41beadb484a9f', 'Kein Titel', NULL, 1130925600, 1130929200, 1128081211, 1128081211, 1, '064d9c8f1aa6da3889ca418abd568891', 'Hörsaal 2');
INSERT IGNORE INTO `termine` (`termin_id`, `range_id`, `autor_id`, `content`, `description`, `date`, `end_time`, `mkdate`, `chdate`, `date_typ`, `topic_id`, `raum`) VALUES ('d17bdb1804d688270e5f040a7b4958a9', '834499e2b8a2cd71637890e5de31cba3', '76ed43ef286fb55cf9e41beadb484a9f', 'Kein Titel', NULL, 1131354000, 1131361200, 1128081211, 1128081211, 1, '88063fe4a69cb78e444ce174f11e8c29', 'Hörsaal 1');
INSERT IGNORE INTO `termine` (`termin_id`, `range_id`, `autor_id`, `content`, `description`, `date`, `end_time`, `mkdate`, `chdate`, `date_typ`, `topic_id`, `raum`) VALUES ('d1d23d1f29acc676cc89fb70681f9c02', '834499e2b8a2cd71637890e5de31cba3', '76ed43ef286fb55cf9e41beadb484a9f', 'Kein Titel', NULL, 1131530400, 1131534000, 1128081211, 1128081211, 1, '58f3f23ae9fe323d2584a6fbdb68aeed', 'Hörsaal 2');
INSERT IGNORE INTO `termine` (`termin_id`, `range_id`, `autor_id`, `content`, `description`, `date`, `end_time`, `mkdate`, `chdate`, `date_typ`, `topic_id`, `raum`) VALUES ('2434ac4fe5da0f462761e2788454cafa', '834499e2b8a2cd71637890e5de31cba3', '76ed43ef286fb55cf9e41beadb484a9f', 'Kein Titel', NULL, 1131958800, 1131966000, 1128081211, 1128081211, 1, '8295bd6dd58c6244f31e85a97212a899', 'Hörsaal 1');
INSERT IGNORE INTO `termine` (`termin_id`, `range_id`, `autor_id`, `content`, `description`, `date`, `end_time`, `mkdate`, `chdate`, `date_typ`, `topic_id`, `raum`) VALUES ('a3e926ca5151b1abbd29c3573b92a1eb', '834499e2b8a2cd71637890e5de31cba3', '76ed43ef286fb55cf9e41beadb484a9f', 'Kein Titel', NULL, 1132135200, 1132138800, 1128081211, 1128081211, 1, 'b05fc37c7d49882533bd6a2cca2089db', 'Hörsaal 2');
INSERT IGNORE INTO `termine` (`termin_id`, `range_id`, `autor_id`, `content`, `description`, `date`, `end_time`, `mkdate`, `chdate`, `date_typ`, `topic_id`, `raum`) VALUES ('c660099547e465925d4a9640e00b5735', '834499e2b8a2cd71637890e5de31cba3', '76ed43ef286fb55cf9e41beadb484a9f', 'Kein Titel', NULL, 1132563600, 1132570800, 1128081211, 1128081211, 1, 'ed8979a11e4300cc0ad8e208fe34b92e', 'Hörsaal 1');
INSERT IGNORE INTO `termine` (`termin_id`, `range_id`, `autor_id`, `content`, `description`, `date`, `end_time`, `mkdate`, `chdate`, `date_typ`, `topic_id`, `raum`) VALUES ('02d4abea4aa298768c6b8aa583f67781', '834499e2b8a2cd71637890e5de31cba3', '76ed43ef286fb55cf9e41beadb484a9f', 'Kein Titel', NULL, 1132740000, 1132743600, 1128081212, 1128081212, 1, 'ab5a5c0a8ee8359663b955e77d8bd717', 'Hörsaal 2');
INSERT IGNORE INTO `termine` (`termin_id`, `range_id`, `autor_id`, `content`, `description`, `date`, `end_time`, `mkdate`, `chdate`, `date_typ`, `topic_id`, `raum`) VALUES ('fedc44bef14b1cbd8061163db829194a', '834499e2b8a2cd71637890e5de31cba3', '76ed43ef286fb55cf9e41beadb484a9f', 'Kein Titel', NULL, 1133168400, 1133175600, 1128081212, 1128081212, 1, 'cbc5d8137c8d6f2dc3678a2b7e48805b', 'Hörsaal 1');
INSERT IGNORE INTO `termine` (`termin_id`, `range_id`, `autor_id`, `content`, `description`, `date`, `end_time`, `mkdate`, `chdate`, `date_typ`, `topic_id`, `raum`) VALUES ('1239dcbdf93523e45fe3ddaa0b7f48f0', '834499e2b8a2cd71637890e5de31cba3', '76ed43ef286fb55cf9e41beadb484a9f', 'Kein Titel', NULL, 1133344800, 1133348400, 1128081212, 1128081212, 1, '421ee6942fb6df41b281d3074d58eebc', 'Hörsaal 2');
INSERT IGNORE INTO `termine` (`termin_id`, `range_id`, `autor_id`, `content`, `description`, `date`, `end_time`, `mkdate`, `chdate`, `date_typ`, `topic_id`, `raum`) VALUES ('7f41b56acd574a5e85d9e99a1da1f036', '834499e2b8a2cd71637890e5de31cba3', '76ed43ef286fb55cf9e41beadb484a9f', 'Kein Titel', NULL, 1133773200, 1133780400, 1128081212, 1128081212, 1, '2013df4680d2d118cb96a1d3bbafb898', 'Hörsaal 1');
INSERT IGNORE INTO `termine` (`termin_id`, `range_id`, `autor_id`, `content`, `description`, `date`, `end_time`, `mkdate`, `chdate`, `date_typ`, `topic_id`, `raum`) VALUES ('f1125209961d36c1ab18732cec2c750e', '834499e2b8a2cd71637890e5de31cba3', '76ed43ef286fb55cf9e41beadb484a9f', 'Kein Titel', NULL, 1133949600, 1133953200, 1128081212, 1128081212, 1, '56732f08d046e98819023d777404397c', 'Hörsaal 2');
INSERT IGNORE INTO `termine` (`termin_id`, `range_id`, `autor_id`, `content`, `description`, `date`, `end_time`, `mkdate`, `chdate`, `date_typ`, `topic_id`, `raum`) VALUES ('9fb21625fcc5b4455e390bb78cb42d37', '834499e2b8a2cd71637890e5de31cba3', '76ed43ef286fb55cf9e41beadb484a9f', 'Kein Titel', NULL, 1134378000, 1134385200, 1128081212, 1128081212, 1, '56e43a5a0177048e26d07d27e577518b', 'Hörsaal 1');
INSERT IGNORE INTO `termine` (`termin_id`, `range_id`, `autor_id`, `content`, `description`, `date`, `end_time`, `mkdate`, `chdate`, `date_typ`, `topic_id`, `raum`) VALUES ('9646cf7d6073001e9477d4e27a032c56', '834499e2b8a2cd71637890e5de31cba3', '76ed43ef286fb55cf9e41beadb484a9f', 'Kein Titel', NULL, 1134554400, 1134558000, 1128081212, 1128081212, 1, '1d53479a6adabb82ffe81276a71e5b3a', 'Hörsaal 2');
INSERT IGNORE INTO `termine` (`termin_id`, `range_id`, `autor_id`, `content`, `description`, `date`, `end_time`, `mkdate`, `chdate`, `date_typ`, `topic_id`, `raum`) VALUES ('942d81598f81b7cc4f3768fc1840fee4', '834499e2b8a2cd71637890e5de31cba3', '76ed43ef286fb55cf9e41beadb484a9f', 'Kein Titel', NULL, 1134982800, 1134990000, 1128081212, 1128081212, 1, '5fa6171e6fa31d9f875375221220adf2', 'Hörsaal 1');
INSERT IGNORE INTO `termine` (`termin_id`, `range_id`, `autor_id`, `content`, `description`, `date`, `end_time`, `mkdate`, `chdate`, `date_typ`, `topic_id`, `raum`) VALUES ('d3184a0230f30144f3ad8a65a6b3a8e2', '834499e2b8a2cd71637890e5de31cba3', '76ed43ef286fb55cf9e41beadb484a9f', 'Kein Titel', NULL, 1135159200, 1135162800, 1128081212, 1128081212, 1, '791e6034991867cf6d9e8eaf92358c09', 'Hörsaal 2');
INSERT IGNORE INTO `termine` (`termin_id`, `range_id`, `autor_id`, `content`, `description`, `date`, `end_time`, `mkdate`, `chdate`, `date_typ`, `topic_id`, `raum`) VALUES ('616dcc691f1567b79e875f550dd73212', '834499e2b8a2cd71637890e5de31cba3', '76ed43ef286fb55cf9e41beadb484a9f', 'Kein Titel', NULL, 1135764000, 1135767600, 1128081212, 1128081212, 1, '7db92fdf4076bc63eca31715802eff38', 'Hörsaal 2');
INSERT IGNORE INTO `termine` (`termin_id`, `range_id`, `autor_id`, `content`, `description`, `date`, `end_time`, `mkdate`, `chdate`, `date_typ`, `topic_id`, `raum`) VALUES ('f47e41a7851c0d6856b8590510c7804f', '834499e2b8a2cd71637890e5de31cba3', '76ed43ef286fb55cf9e41beadb484a9f', 'Kein Titel', NULL, 1136192400, 1136199600, 1128081212, 1128081212, 1, 'd9d607592df05ac0d5e34e4498b31950', 'Hörsaal 1');
INSERT IGNORE INTO `termine` (`termin_id`, `range_id`, `autor_id`, `content`, `description`, `date`, `end_time`, `mkdate`, `chdate`, `date_typ`, `topic_id`, `raum`) VALUES ('fd60ed17a755ff412238a58f6fa8db68', '834499e2b8a2cd71637890e5de31cba3', '76ed43ef286fb55cf9e41beadb484a9f', 'Kein Titel', NULL, 1136368800, 1136372400, 1128081212, 1128081212, 1, '38fdf4b79d6fcc51736e161b0d603484', 'Hörsaal 2');
INSERT IGNORE INTO `termine` (`termin_id`, `range_id`, `autor_id`, `content`, `description`, `date`, `end_time`, `mkdate`, `chdate`, `date_typ`, `topic_id`, `raum`) VALUES ('12b8502dec68c3a0dad18a2c92a64b87', '834499e2b8a2cd71637890e5de31cba3', '76ed43ef286fb55cf9e41beadb484a9f', 'Kein Titel', NULL, 1136797200, 1136804400, 1128081212, 1128081212, 1, 'b23a60ab4b5261ec83bc678bfbb4fe3a', 'Hörsaal 1');
INSERT IGNORE INTO `termine` (`termin_id`, `range_id`, `autor_id`, `content`, `description`, `date`, `end_time`, `mkdate`, `chdate`, `date_typ`, `topic_id`, `raum`) VALUES ('4d9a65d7759c01d4ba6ff63afb321f9e', '834499e2b8a2cd71637890e5de31cba3', '76ed43ef286fb55cf9e41beadb484a9f', 'Kein Titel', NULL, 1136973600, 1136977200, 1128081212, 1128081212, 1, '7768f46fd2e7f0051cff9c426e74a67b', 'Hörsaal 2');
INSERT IGNORE INTO `termine` (`termin_id`, `range_id`, `autor_id`, `content`, `description`, `date`, `end_time`, `mkdate`, `chdate`, `date_typ`, `topic_id`, `raum`) VALUES ('de124fc97d8a51d5fbe2749f64e53767', '834499e2b8a2cd71637890e5de31cba3', '76ed43ef286fb55cf9e41beadb484a9f', 'Kein Titel', NULL, 1137402000, 1137409200, 1128081212, 1128081212, 1, '554314878492a14c465520aab1af226a', 'Hörsaal 1');
INSERT IGNORE INTO `termine` (`termin_id`, `range_id`, `autor_id`, `content`, `description`, `date`, `end_time`, `mkdate`, `chdate`, `date_typ`, `topic_id`, `raum`) VALUES ('017f5e12266d9a6387b2a7e0879b59a3', '834499e2b8a2cd71637890e5de31cba3', '76ed43ef286fb55cf9e41beadb484a9f', 'Kein Titel', NULL, 1137578400, 1137582000, 1128081212, 1128081212, 1, '320d5d04e8ea4456ff6ca46bf0a4a443', 'Hörsaal 2');
INSERT IGNORE INTO `termine` (`termin_id`, `range_id`, `autor_id`, `content`, `description`, `date`, `end_time`, `mkdate`, `chdate`, `date_typ`, `topic_id`, `raum`) VALUES ('af6f6e306c8f756581d7805fe995682b', '834499e2b8a2cd71637890e5de31cba3', '76ed43ef286fb55cf9e41beadb484a9f', 'Kein Titel', NULL, 1138006800, 1138014000, 1128081212, 1128081212, 1, '262f134923f0a952d9c21608b3da3917', 'Hörsaal 1');
INSERT IGNORE INTO `termine` (`termin_id`, `range_id`, `autor_id`, `content`, `description`, `date`, `end_time`, `mkdate`, `chdate`, `date_typ`, `topic_id`, `raum`) VALUES ('ec9e0cfb50726bfc08c91c360e82d367', '834499e2b8a2cd71637890e5de31cba3', '76ed43ef286fb55cf9e41beadb484a9f', 'Kein Titel', NULL, 1138183200, 1138186800, 1128081212, 1128081212, 1, '5ff6a0cbd66e99b4d5bc1633824e3dbe', 'Hörsaal 2');
INSERT IGNORE INTO `termine` (`termin_id`, `range_id`, `autor_id`, `content`, `description`, `date`, `end_time`, `mkdate`, `chdate`, `date_typ`, `topic_id`, `raum`) VALUES ('d159d6ffb0398298b644f2385de55ad5', '834499e2b8a2cd71637890e5de31cba3', '76ed43ef286fb55cf9e41beadb484a9f', 'Kein Titel', NULL, 1129107600, 1129111200, 1128081211, 1128081211, 1, '52855054f11f705fb9569ebe0340490d', 'Hörsaal 2');
INSERT IGNORE INTO `termine` (`termin_id`, `range_id`, `autor_id`, `content`, `description`, `date`, `end_time`, `mkdate`, `chdate`, `date_typ`, `topic_id`, `raum`) VALUES ('085a7bcfc72977a77987e6cc993b5b74', '834499e2b8a2cd71637890e5de31cba3', '76ed43ef286fb55cf9e41beadb484a9f', 'Kein Titel', NULL, 1129712400, 1129716000, 1128081211, 1128081211, 1, 'c1ea4ee29da885cee10ce4615a4098ec', 'Hörsaal 2');
INSERT IGNORE INTO `termine` (`termin_id`, `range_id`, `autor_id`, `content`, `description`, `date`, `end_time`, `mkdate`, `chdate`, `date_typ`, `topic_id`, `raum`) VALUES ('0862341e790ea020267ea86d5a5001bb', '834499e2b8a2cd71637890e5de31cba3', '76ed43ef286fb55cf9e41beadb484a9f', 'Kein Titel', NULL, 1129536000, 1129543200, 1128081211, 1128081211, 1, '89e4a6cf05b4e75368b047240d44cfdc', 'Hörsaal 1');
INSERT IGNORE INTO `termine` (`termin_id`, `range_id`, `autor_id`, `content`, `description`, `date`, `end_time`, `mkdate`, `chdate`, `date_typ`, `topic_id`, `raum`) VALUES ('6ea5bf280942504147e7ca077dc0deaa', '834499e2b8a2cd71637890e5de31cba3', '76ed43ef286fb55cf9e41beadb484a9f', 'Kein Titel', NULL, 1128931200, 1128938400, 1128081211, 1128081211, 1, '56f64e54f2a1ae27f7929b86021ccd0b', 'Hörsaal 1');

-- 
-- Daten für Tabelle `user_info`
-- 

INSERT IGNORE INTO `user_info` (`user_id`, `hobby`, `lebenslauf`, `publi`, `schwerp`, `Home`, `privatnr`, `privadr`, `score`, `geschlecht`, `mkdate`, `chdate`, `title_front`, `title_rear`, `preferred_language`, `smsforward_copy`, `smsforward_rec`, `guestbook`, `email_forward`, `smiley_favorite`, `smiley_favorite_publish`, `news_author_id`) VALUES ('76ed43ef286fb55cf9e41beadb484a9f', '', NULL, '', '', '', '', '', 0, 0, 0, 0, '', '', NULL, 1, '', 0, 0, '', 0, '');
INSERT IGNORE INTO `user_info` (`user_id`, `hobby`, `lebenslauf`, `publi`, `schwerp`, `Home`, `privatnr`, `privadr`, `score`, `geschlecht`, `mkdate`, `chdate`, `title_front`, `title_rear`, `preferred_language`, `smsforward_copy`, `smsforward_rec`, `guestbook`, `email_forward`, `smiley_favorite`, `smiley_favorite_publish`, `news_author_id`) VALUES ('e7a0a84b161f3e8c09b4a0a2e8a58147', '', NULL, '', '', '', '', '', 0, 0, 0, 0, '', '', NULL, 1, '', 0, 0, '', 0, '');
INSERT IGNORE INTO `user_info` (`user_id`, `hobby`, `lebenslauf`, `publi`, `schwerp`, `Home`, `privatnr`, `privadr`, `score`, `geschlecht`, `mkdate`, `chdate`, `title_front`, `title_rear`, `preferred_language`, `smsforward_copy`, `smsforward_rec`, `guestbook`, `email_forward`, `smiley_favorite`, `smiley_favorite_publish`, `news_author_id`) VALUES ('205f3efb7997a0fc9755da2b535038da', '', NULL, '', '', '', '', '', 0, 0, 0, 0, '', '', NULL, 1, '', 0, 0, '', 0, '');
INSERT IGNORE INTO `user_info` (`user_id`, `hobby`, `lebenslauf`, `publi`, `schwerp`, `Home`, `privatnr`, `privadr`, `score`, `geschlecht`, `mkdate`, `chdate`, `title_front`, `title_rear`, `preferred_language`, `smsforward_copy`, `smsforward_rec`, `guestbook`, `email_forward`, `smiley_favorite`, `smiley_favorite_publish`, `news_author_id`) VALUES ('6235c46eb9e962866ebdceece739ace5', '', NULL, '', '', '', '', '', 0, 0, 0, 0, '', '', NULL, 1, '', 0, 0, '', 0, '');
INSERT IGNORE INTO `user_info` (`user_id`, `hobby`, `lebenslauf`, `publi`, `schwerp`, `Home`, `privatnr`, `privadr`, `score`, `geschlecht`, `mkdate`, `chdate`, `title_front`, `title_rear`, `preferred_language`, `smsforward_copy`, `smsforward_rec`, `guestbook`, `email_forward`, `smiley_favorite`, `smiley_favorite_publish`, `news_author_id`) VALUES ('7e81ec247c151c02ffd479511e24cc03', '', NULL, '', '', '', '', '', 0, 0, 0, 0, '', '', NULL, 1, '', 0, 0, '', 0, '');

-- 
-- Daten für Tabelle `user_inst`
-- 

INSERT IGNORE INTO `user_inst` (`user_id`, `Institut_id`, `inst_perms`, `sprechzeiten`, `raum`, `Telefon`, `Fax`, `externdefault`, `priority`, `visible`) VALUES ('205f3efb7997a0fc9755da2b535038da', '2560f7c7674942a7dce8eeb238e15d93', 'dozent', '', '', '', '', 0, 0, 1);
INSERT IGNORE INTO `user_inst` (`user_id`, `Institut_id`, `inst_perms`, `sprechzeiten`, `raum`, `Telefon`, `Fax`, `externdefault`, `priority`, `visible`) VALUES ('6235c46eb9e962866ebdceece739ace5', '2560f7c7674942a7dce8eeb238e15d93', 'admin', '', '', '', '', 0, 0, 1);
INSERT IGNORE INTO `user_inst` (`user_id`, `Institut_id`, `inst_perms`, `sprechzeiten`, `raum`, `Telefon`, `Fax`, `externdefault`, `priority`, `visible`) VALUES ('7e81ec247c151c02ffd479511e24cc03', '2560f7c7674942a7dce8eeb238e15d93', 'tutor', '', '', '', '', 0, 0, 1);
INSERT IGNORE INTO `user_inst` (`user_id`, `Institut_id`, `inst_perms`, `sprechzeiten`, `raum`, `Telefon`, `Fax`, `externdefault`, `priority`, `visible`) VALUES ('e7a0a84b161f3e8c09b4a0a2e8a58147', '2560f7c7674942a7dce8eeb238e15d93', 'user', '', '', '', '', 0, 0, 1);

-- 
-- Daten für Tabelle `vote`
-- 

INSERT IGNORE INTO `vote` (`vote_id`, `author_id`, `range_id`, `type`, `title`, `question`, `state`, `startdate`, `stopdate`, `timespan`, `mkdate`, `chdate`, `resultvisibility`, `multiplechoice`, `anonymous`, `changeable`, `co_visibility`, `namesvisibility`) VALUES ('b5329b23b7f865c62028e226715e1914', '76ed43ef286fb55cf9e41beadb484a9f', 'studip', 'vote', 'Nutzen Sie bereits Stud.IP?', 'Haben Sie Stud.IP bereits im Einsatz oder planen Sie, es einzusetzen?', 'active', 1128075011, NULL, NULL, 1076337205, 1128075012, 'delivery', 1, 0, 1, NULL, 0);

-- 
-- Daten für Tabelle `voteanswers`
-- 

INSERT IGNORE INTO `voteanswers` (`answer_id`, `vote_id`, `answer`, `position`, `counter`, `correct`) VALUES ('dddf684fbcac58f7ffd0804b7095c71b', 'b5329b23b7f865c62028e226715e1914', 'Ich plane, es demnächst einzusetzen', 9, 0, 0);
INSERT IGNORE INTO `voteanswers` (`answer_id`, `vote_id`, `answer`, `position`, `counter`, `correct`) VALUES ('6f51e5d957aa6e7a3e8494e0e56c43aa', 'b5329b23b7f865c62028e226715e1914', 'Ich nutze die Version 1.2', 8, 0, 0);
INSERT IGNORE INTO `voteanswers` (`answer_id`, `vote_id`, `answer`, `position`, `counter`, `correct`) VALUES ('8502e4b4600a12b2d5d43aefe2930be4', 'b5329b23b7f865c62028e226715e1914', 'Ich nutze die Version 1.1.5', 7, 0, 0);
INSERT IGNORE INTO `voteanswers` (`answer_id`, `vote_id`, `answer`, `position`, `counter`, `correct`) VALUES ('8112e4b4600a12b2d5d43aecf2930be4', 'b5329b23b7f865c62028e226715e1914', 'Ich nutze die Version 1.1.0', 6, 0, 0);
INSERT IGNORE INTO `voteanswers` (`answer_id`, `vote_id`, `answer`, `position`, `counter`, `correct`) VALUES ('8342e4b4600a12b2d5d43aecf2930be4', 'b5329b23b7f865c62028e226715e1914', 'Ich nutze die Version 1.0', 5, 0, 0);
INSERT IGNORE INTO `voteanswers` (`answer_id`, `vote_id`, `answer`, `position`, `counter`, `correct`) VALUES ('dc1b49bf35e9cfbfcece807b21cec0ef', 'b5329b23b7f865c62028e226715e1914', 'Ich nutze die Version 0.9.5', 4, 0, 0);
INSERT IGNORE INTO `voteanswers` (`answer_id`, `vote_id`, `answer`, `position`, `counter`, `correct`) VALUES ('ddfd889094a6cea75703728ee7b48806', 'b5329b23b7f865c62028e226715e1914', 'Ich nutze die Version 0.9.0', 3, 0, 0);
INSERT IGNORE INTO `voteanswers` (`answer_id`, `vote_id`, `answer`, `position`, `counter`, `correct`) VALUES ('58281eda805a0fe5741c74a2c612cb05', 'b5329b23b7f865c62028e226715e1914', 'Ich nutze die Version 0.8.15', 2, 0, 0);
INSERT IGNORE INTO `voteanswers` (`answer_id`, `vote_id`, `answer`, `position`, `counter`, `correct`) VALUES ('c8ade4c7f3bbe027f6c19016dd3e001c', 'b5329b23b7f865c62028e226715e1914', 'Ich nutze die Version 0.8.0', 1, 0, 0);
INSERT IGNORE INTO `voteanswers` (`answer_id`, `vote_id`, `answer`, `position`, `counter`, `correct`) VALUES ('112f7c8f52b0a2a6eff9cddf93b419c7', 'b5329b23b7f865c62028e226715e1914', 'Ich nutze die Version 0.7.5', 0, 0, 0);
INSERT IGNORE INTO `voteanswers` (`answer_id`, `vote_id`, `answer`, `position`, `counter`, `correct`) VALUES ('03bce9c940fc76f5eb90ab7b151cf34d', 'b5329b23b7f865c62028e226715e1914', 'Ich schaue mich nur mal um', 10, 0, 0);
INSERT IGNORE INTO `voteanswers` (`answer_id`, `vote_id`, `answer`, `position`, `counter`, `correct`) VALUES ('5fb01b6623c848c3bf33cce70675b91a', 'b5329b23b7f865c62028e226715e1914', 'Ich bin nicht interessiert', 11, 0, 0);
        